altitude,id,kioskType,landMark,lastCommunicationTime,latitude,location,longitude,postalCode,stAddress1,stAddress2,stationName,status,statusKey,statusValue,testStation,totalDocks,executionTime
,2,K3_FULL,15541,3/5/2019 10:24,41.87647,,-87.62034,60605,Buckingham Fountain,,Buckingham Fountain,IN_SERVICE,1,In Service,FALSE,39,3/5/2019 10:27
,3,K3_FULL,15544,3/5/2019 10:25,41.86722596,,-87.61535539,,Shedd Aquarium,,Shedd Aquarium,IN_SERVICE,1,In Service,FALSE,55,3/5/2019 10:27
,4,K3_FULL,15545,3/5/2019 10:26,41.856268,,-87.613348,,Burnham Harbor,,Burnham Harbor,IN_SERVICE,1,In Service,FALSE,23,3/5/2019 10:27
,5,K3_FULL,13030,3/5/2019 10:24,41.874053,620 S. State St.,-87.627716,60605,State St & Harrison St,,State St & Harrison St,IN_SERVICE,1,In Service,FALSE,23,3/5/2019 10:27
,6,K3_FULL,15548,3/5/2019 10:26,41.886976,,-87.612813,60601,Dusable Harbor,,Dusable Harbor,IN_SERVICE,1,In Service,FALSE,39,3/5/2019 10:27
,7,K3_FULL,15534,3/5/2019 10:25,41.88634906,,-87.61751655,60601,Field Blvd & South Water St,,Field Blvd & South Water St,IN_SERVICE,1,In Service,FALSE,19,3/5/2019 10:27
,9,K3_FULL,15695,3/5/2019 10:24,41.82879202,NA1,-87.68060446,60609,Leavitt St & Archer Ave,,Leavitt St & Archer Ave,IN_SERVICE,1,In Service,FALSE,14,3/5/2019 10:27
,11,K3_FULL,15496,3/5/2019 10:24,41.76663824,,-87.57645011,60649,Jeffery Blvd & 71st St,,Jeffery Blvd & 71st St,IN_SERVICE,1,In Service,FALSE,11,3/5/2019 10:27
,12,K3_FULL,15497,3/5/2019 10:25,41.76640946,MLSW,-87.56568757,60649,South Shore Dr & 71st St,,South Shore Dr & 71st St,IN_SERVICE,1,In Service,FALSE,15,3/5/2019 10:27
,13,K3_FULL,13066,3/5/2019 10:25,41.932418,2790 N.Wilton Ave,-87.652705,60614,Wilton Ave & Diversey Pkwy,,Wilton Ave & Diversey Pkwy,IN_SERVICE,1,In Service,FALSE,35,3/5/2019 10:27
,14,K3_FULL,13163,3/5/2019 10:23,41.858086,962 W. 18th St,-87.651073,60608,Morgan St & 18th St,,Morgan St & 18th St,IN_SERVICE,1,In Service,FALSE,15,3/5/2019 10:27
,15,K3_FULL,13164,3/5/2019 10:25,41.858166,1726 S Racine Ave,-87.656495,60608,Racine Ave & 18th St,,Racine Ave & 18th St,IN_SERVICE,1,In Service,FALSE,15,3/5/2019 10:27
,16,K3_FULL,13223,3/5/2019 10:24,41.910337,1575 N Paulina Ave,-87.670072,60622,Paulina Ave & North Ave,,Paulina Ave & North Ave,IN_SERVICE,1,In Service,FALSE,15,3/5/2019 10:27
,17,K3_FULL,13246,3/5/2019 10:23,41.903119, W. Divison St,-87.673935,60622,Honore St & Division St,,Honore St & Division St,IN_SERVICE,1,In Service,FALSE,23,3/5/2019 10:27
,18,K3_FULL,15536,3/5/2019 10:23,41.883132,,-87.637321,60606,Wacker Dr & Washington St,,Wacker Dr & Washington St,IN_SERVICE,1,In Service,FALSE,17,3/5/2019 10:27
,19,K3_FULL,13139,3/5/2019 10:23,41.868968,,-87.659141,60607,Loomis St & Taylor St (*),,Loomis St & Taylor St (*),IN_SERVICE,1,In Service,FALSE,16,3/5/2019 10:27
,20,K3_FULL,13154,3/5/2019 10:24,41.910522,,-87.653106,60642,Sheffield Ave & Kingsbury St,,Sheffield Ave & Kingsbury St,IN_SERVICE,1,In Service,FALSE,15,3/5/2019 10:27
,21,K3_FULL,13157,3/5/2019 10:27,41.87772613,1103 W.Jackson Blvd,-87.65478743,60607,Aberdeen St & Jackson Blvd,,Aberdeen St & Jackson Blvd,IN_SERVICE,1,In Service,FALSE,23,3/5/2019 10:27
,22,K3_FULL,13160,3/5/2019 10:27,41.8694821,1134 W. Taylor St,-87.6554864,60607,May St & Taylor St,,May St & Taylor St,IN_SERVICE,1,In Service,FALSE,15,3/5/2019 10:27
,23,K3_FULL,13172,3/5/2019 10:26,41.902924,350 W. Elm st,-87.637715,60610,Orleans St & Elm St (*),,Orleans St & Elm St (*),IN_SERVICE,1,In Service,FALSE,16,3/5/2019 10:27
,24,K3_FULL,13262,3/5/2019 10:26,41.89186,240 E.Grand Ave.,-87.62062,60611,Fairbanks Ct & Grand Ave,,Fairbanks Ct & Grand Ave,IN_SERVICE,1,In Service,FALSE,15,3/5/2019 10:27
,25,K3_FULL,13034,3/5/2019 10:24,41.89766,150 E.Pearson st,-87.62351,60611,Michigan Ave & Pearson St,,Michigan Ave & Pearson St,IN_SERVICE,1,In Service,FALSE,23,3/5/2019 10:27
,26,K3_FULL,13051,3/5/2019 10:24,41.890359,,-87.617532,60611,McClurg Ct & Illinois St,,McClurg Ct & Illinois St,IN_SERVICE,1,In Service,FALSE,31,3/5/2019 10:27
,27,K3_FULL,13174,3/5/2019 10:24,41.91021,1530 N.Larrabee st,-87.6435,60610,Larrabee St & North Ave,,Larrabee St & North Ave,IN_SERVICE,1,In Service,FALSE,19,3/5/2019 10:27
,28,K3_FULL,13282,3/5/2019 10:26,41.91468,590 W. Menomonee,-87.64332,60614,Larrabee St & Menomonee St,,Larrabee St & Menomonee St,IN_SERVICE,1,In Service,FALSE,14,3/5/2019 10:27
,29,K3_FULL,13290,3/5/2019 10:26,41.90068,1016 N. Noble St,-87.6626,60642,Noble St & Milwaukee Ave,,Noble St & Milwaukee Ave,IN_SERVICE,1,In Service,FALSE,15,3/5/2019 10:27
,30,K3_FULL,13248,3/5/2019 10:25,41.899643,1611 W. Augusta Blvd,-87.6677,60642,Ashland Ave & Augusta Blvd,,Ashland Ave & Augusta Blvd,IN_SERVICE,1,In Service,FALSE,15,3/5/2019 10:27
,31,K3_FULL,13017,3/5/2019 10:25,41.896776,805 N. Franklin St,-87.635633,60654,Franklin St & Chicago Ave,,Franklin St & Chicago Ave,IN_SERVICE,1,In Service,FALSE,23,3/5/2019 10:27
,32,K3_FULL,13076,3/5/2019 10:23,41.87464,550 S. Racine,-87.65703,60607,Racine Ave & Congress Pkwy,,Racine Ave & Congress Pkwy,IN_SERVICE,1,In Service,FALSE,19,3/5/2019 10:27
,33,K3_FULL,13003,3/5/2019 10:26,41.877181,360 S State St,-87.627844,60604,State St & Van Buren St,,State St & Van Buren St,IN_SERVICE,1,In Service,FALSE,27,3/5/2019 10:27
,34,K3_FULL,13124,3/5/2019 10:24,41.92675599,2432 N. Cannon Dr.,-87.63442878,60614,Cannon Dr & Fullerton Ave,,Cannon Dr & Fullerton Ave,IN_SERVICE,1,In Service,FALSE,15,3/5/2019 10:27
,35,K3_FULL,13022,3/5/2019 10:27,41.892278,Navy Pier,-87.612043,60611,Streeter Dr & Grand Ave,,Streeter Dr & Grand Ave,IN_SERVICE,1,In Service,FALSE,47,3/5/2019 10:27
,36,K3_FULL,13019,3/5/2019 10:25,41.87770796,340 S. Franklin St,-87.63532114,60606,Franklin St & Jackson Blvd,,Franklin St & Jackson Blvd,IN_SERVICE,1,In Service,FALSE,39,3/5/2019 10:27
,37,K3_FULL,13020,3/5/2019 10:26,41.87935636,59 W. Adams St ,-87.62979104,60603,Dearborn St & Adams St,,Dearborn St & Adams St,IN_SERVICE,1,In Service,FALSE,19,3/5/2019 10:27
,38,K3_FULL,15547,3/5/2019 10:26,41.88602083,,-87.63087606,60601,Clark St & Lake St,,Clark St & Lake St,IN_SERVICE,1,In Service,FALSE,27,3/5/2019 10:27
,39,K3_FULL,15538,3/5/2019 10:23,41.87947235,,-87.62568861,60603,Wabash Ave & Adams St,,Wabash Ave & Adams St,IN_SERVICE,1,In Service,FALSE,23,3/5/2019 10:27
,40,K3_FULL,15537,3/5/2019 10:26,41.87934437,,-87.63198522,60603,LaSalle St & Adams St,,LaSalle St & Adams St,IN_SERVICE,1,In Service,FALSE,15,3/5/2019 10:27
,41,K3_FULL,15543,3/5/2019 10:26,41.87207763,,-87.62954377,60605,Federal St & Polk St,,Federal St & Polk St,IN_SERVICE,1,In Service,FALSE,19,3/5/2019 10:27
,42,K3_FULL,13170,3/5/2019 10:25,41.852619,13 E Cermak Rd,-87.626488,60616,Wabash Ave & Cermak Rd,CTA Green Line - Cermak Stop,Wabash Ave & Cermak Rd,IN_SERVICE,1,In Service,FALSE,11,3/5/2019 10:27
,43,K3_FULL,13001,3/5/2019 10:23,41.88389277,120 N Michigan,-87.62464914,60602,Michigan Ave & Washington St,,Michigan Ave & Washington St,IN_SERVICE,1,In Service,FALSE,43,3/5/2019 10:27
,44,K3_FULL,13002,3/5/2019 10:25,41.8847302,,-87.62773357,60601,State St & Randolph St,,State St & Randolph St,IN_SERVICE,1,In Service,FALSE,27,3/5/2019 10:27
,45,K3_FULL,13040,3/5/2019 10:23,41.876243,420 w. Michigan,-87.624426,60605,Michigan Ave & Ida B Wells Dr,,Michigan Ave & Ida B Wells Dr,IN_SERVICE,1,In Service,FALSE,15,3/5/2019 10:27
,46,K3_FULL,13046,3/5/2019 10:25,41.89993001,932 N Wells St,-87.63443007,60610,Wells St & Walton St,,Wells St & Walton St,IN_SERVICE,1,In Service,FALSE,19,3/5/2019 10:27
,47,K3_FULL,13050,3/5/2019 10:23,41.889187,5 E Kinzie St,-87.627754,60654,State St & Kinzie St,,State St & Kinzie St,IN_SERVICE,1,In Service,FALSE,30,3/5/2019 10:27
,48,K3_FULL,13012,3/5/2019 10:24,41.897764,840 N Larrabee St,-87.642884,60610,Larrabee St & Kingsbury St,,Larrabee St & Kingsbury St,IN_SERVICE,1,In Service,FALSE,43,3/5/2019 10:27
,49,K3_FULL,13049,3/5/2019 10:27,41.88131982,80 S Dearborn St,-87.62952092,60603,Dearborn St & Monroe St,,Dearborn St & Monroe St,IN_SERVICE,1,In Service,FALSE,39,3/5/2019 10:27
,50,K3_FULL,13009,3/5/2019 10:24,41.87593267,,-87.63058454,60605,Clark St & Ida B Wells Dr,,Clark St & Ida B Wells Dr,IN_SERVICE,1,In Service,FALSE,35,3/5/2019 10:27
,51,K3_FULL,13005,3/5/2019 10:27,41.88457623,120 W. Randolph St.,-87.63188991,60601,Clark St & Randolph St,,Clark St & Randolph St,IN_SERVICE,1,In Service,FALSE,39,3/5/2019 10:27
,52,K3_FULL,13043,3/5/2019 10:24,41.886024,203 N Michigan Ave,-87.624117,60601,Michigan Ave & Lake St,,Michigan Ave & Lake St,IN_SERVICE,1,In Service,FALSE,35,3/5/2019 10:27
,53,K3_FULL,13064,3/5/2019 10:25,41.894722,,-87.634362,60654,Wells St & Huron St,,Wells St & Huron St,IN_SERVICE,1,In Service,FALSE,27,3/5/2019 10:27
,54,K3_FULL,13044,3/5/2019 10:27,41.89636246,1040 W. Chicago Ave.,-87.65406127,60642,Ogden Ave & Chicago Ave,,Ogden Ave & Chicago Ave,IN_SERVICE,1,In Service,FALSE,19,3/5/2019 10:27
,55,K3_FULL,13166,3/5/2019 10:25,41.867324,850 W Roosevelt Rd,-87.648625,60608,Halsted St & Roosevelt Rd,,Halsted St & Roosevelt Rd,IN_SERVICE,1,In Service,FALSE,23,3/5/2019 10:27
,56,K3_FULL,13039,3/5/2019 10:23,41.88871604,368 N. Desplaines St.,-87.64444785,60661,Desplaines St & Kinzie St,,Desplaines St & Kinzie St,IN_SERVICE,1,In Service,FALSE,27,3/5/2019 10:27
,57,K3_FULL,13327,3/5/2019 10:24,41.86711778,559 W Roosevelt Rd,-87.64108796,60607,Clinton St & Roosevelt Rd,,Clinton St & Roosevelt Rd,IN_SERVICE,1,In Service,FALSE,15,3/5/2019 10:27
,58,K3_FULL,13025,3/5/2019 10:23,41.916017,,-87.668879,60622,Marshfield Ave & Cortland St,,Marshfield Ave & Cortland St,IN_SERVICE,1,In Service,FALSE,23,3/5/2019 10:27
,59,K3_FULL,13031,3/5/2019 10:25,41.867227,1210 S Wabash Ave,-87.625961,60605,Wabash Ave & Roosevelt Rd,,Wabash Ave & Roosevelt Rd,IN_SERVICE,1,In Service,FALSE,23,3/5/2019 10:27
,60,K3_FULL,13058,3/5/2019 10:27,41.91057803,1575 N Dayton St,-87.64942193,60642,Dayton St & North Ave,,Dayton St & North Ave,IN_SERVICE,1,In Service,FALSE,19,3/5/2019 10:27
,61,K3_FULL,13221,3/5/2019 10:23,41.907655,1416 N Wood St,-87.672552,60622,Wood St & Milwaukee Ave,,Wood St & Milwaukee Ave,IN_SERVICE,1,In Service,FALSE,19,3/5/2019 10:27
,62,K3_FULL,13106,3/5/2019 10:22,41.85137517,2253 S Dr Martin Luther King Jr Dr,-87.61883465,60616,McCormick Place,,McCormick Place,IN_SERVICE,1,In Service,FALSE,27,3/5/2019 10:27
,66,K3_FULL,13021,3/5/2019 10:24,41.885637,,-87.641823,60661,Clinton St & Lake St,,Clinton St & Lake St,IN_SERVICE,1,In Service,FALSE,23,3/5/2019 10:27
,67,K3_FULL,13060,3/5/2019 10:24,41.92560188,2410 N Sheffield Ave,-87.65370804,60614,Sheffield Ave & Fullerton Ave,,Sheffield Ave & Fullerton Ave,IN_SERVICE,1,In Service,FALSE,27,3/5/2019 10:27
,68,K3_FULL,13037,3/5/2019 10:24,41.875885,520 W Tilden St,-87.640795,60607,Clinton St & Tilden St,,Clinton St & Tilden St,IN_SERVICE,1,In Service,FALSE,23,3/5/2019 10:27
,69,K3_FULL,13065,3/5/2019 10:24,41.90939601,2002 W Pierce Ave,-87.67769193,60622,Damen Ave & Pierce Ave,,Damen Ave & Pierce Ave,IN_SERVICE,1,In Service,FALSE,23,3/5/2019 10:27
,71,K3_FULL,13072,3/5/2019 10:26,41.88548331,1003 W. Lake St.,-87.65230486,60607,Morgan St & Lake St,,Morgan St & Lake St,IN_SERVICE,1,In Service,FALSE,23,3/5/2019 10:27
,72,K3_FULL,13148,3/5/2019 10:25,41.860384,1590 S Wabash Ave,-87.625813,60605,Wabash Ave & 16th St,,Wabash Ave & 16th St,IN_SERVICE,1,In Service,FALSE,39,3/5/2019 10:27
,73,K3_FULL,13038,3/5/2019 10:25,41.880422,207 S Jefferson St,-87.642746,60661,Jefferson St & Monroe St,,Jefferson St & Monroe St,IN_SERVICE,1,In Service,FALSE,19,3/5/2019 10:27
,74,K3_FULL,13265,3/5/2019 10:24,41.893626,511 W Erie St,-87.641527,60654,Kingsbury St & Erie St,,Kingsbury St & Erie St,IN_SERVICE,1,In Service,FALSE,23,3/5/2019 10:27
,75,K3_FULL,13138,3/5/2019 10:24,41.877245,,-87.639366,60661,Canal St & Jackson Blvd,,Canal St & Jackson Blvd,IN_SERVICE,1,In Service,FALSE,39,3/5/2019 10:27
,76,K3_FULL,13300,3/5/2019 10:24,41.880958,402 E Monroe St,-87.616743,60603,Lake Shore Dr & Monroe St,,Lake Shore Dr & Monroe St,IN_SERVICE,1,In Service,FALSE,39,3/5/2019 10:27
,77,K3_FULL,13301,3/5/2019 10:23,41.882242,5 N Clinton St,-87.641066,60661,Clinton St & Madison St,,Clinton St & Madison St,IN_SERVICE,1,In Service,FALSE,31,3/5/2019 10:27
,80,K3_FULL,13156,3/5/2019 10:24,41.880419,,-87.655519,60607,Aberdeen St & Monroe St,,Aberdeen St & Monroe St,IN_SERVICE,1,In Service,FALSE,19,3/5/2019 10:27
,81,K3_FULL,13023,3/5/2019 10:26,41.884241,,-87.629634,60601,Daley Center Plaza,,Daley Center Plaza,IN_SERVICE,1,In Service,FALSE,39,3/5/2019 10:27
,84,K3_FULL,13033,3/5/2019 10:27,41.891578,500 N Milwaukee Ave.,-87.648384,60654,Milwaukee Ave & Grand Ave,,Milwaukee Ave & Grand Ave,IN_SERVICE,1,In Service,FALSE,19,3/5/2019 10:27
,85,K3_FULL,13042,3/5/2019 10:24,41.90096039,140 E Oak St,-87.62377664,60611,Michigan Ave & Oak St,,Michigan Ave & Oak St,IN_SERVICE,1,In Service,FALSE,23,3/5/2019 10:27
,86,K3_FULL,13289,3/5/2019 10:24,41.89637337,811 N Noble St,-87.66098386,60642,Eckhart Park,,Eckhart Park,IN_SERVICE,1,In Service,FALSE,19,3/5/2019 10:27
,87,K3_FULL,13189,3/5/2019 10:24,41.92556258,2411 N Racine Ave,-87.65840426,60614,Racine Ave & Fullerton Ave,,Racine Ave & Fullerton Ave,IN_SERVICE,1,In Service,FALSE,19,3/5/2019 10:27
,88,K3_FULL,13155,3/5/2019 10:25,41.884069,1213 W Randolph St,-87.656853,60607,Racine Ave & Randolph St,,Racine Ave & Randolph St,IN_SERVICE,1,In Service,FALSE,19,3/5/2019 10:27
,89,K3_FULL,15540,3/5/2019 10:24,41.874618,,-87.632882,60605,Financial Pl & Ida B Wells Dr (Temp),,Financial Pl & Ida B Wells Dr (Temp),IN_SERVICE,1,In Service,FALSE,15,3/5/2019 10:27
,90,K3_FULL,13008,3/5/2019 10:23,41.8810317,33 S Michigan Ave,-87.62408432,60601,Millennium Park,,Millennium Park,IN_SERVICE,1,In Service,FALSE,47,3/5/2019 10:27
,91,K3_FULL,13010,3/5/2019 10:23,41.88338,109 N Clinton St,-87.64117,60661,Clinton St & Washington Blvd,,Clinton St & Washington Blvd,IN_SERVICE,1,In Service,FALSE,31,3/5/2019 10:27
,92,K3_FULL,13196,3/5/2019 10:25,41.894556,,-87.653449,60642,Carpenter St & Huron St,,Carpenter St & Huron St,IN_SERVICE,1,In Service,FALSE,19,3/5/2019 10:27
,93,K3_FULL,13190,3/5/2019 10:26,41.913688,1740 N Sheffield Ave,-87.652855,60614,Sheffield Ave & Willow St,,Sheffield Ave & Willow St,IN_SERVICE,1,In Service,FALSE,15,3/5/2019 10:27
,94,K3_FULL,13146,3/5/2019 10:26,41.918306,,-87.636282,60614,Clark St & Armitage Ave,,Clark St & Armitage Ave,IN_SERVICE,1,In Service,FALSE,31,3/5/2019 10:27
,95,K3_FULL,15490,3/5/2019 10:26,41.778881,,-87.586647,60637,Stony Island Ave & 64th St,,Stony Island Ave & 64th St,IN_SERVICE,1,In Service,FALSE,11,3/5/2019 10:27
,96,K3_FULL,15535,3/5/2019 10:25,41.88461619,,-87.64457058,60661,Desplaines St & Randolph St,,Desplaines St & Randolph St,IN_SERVICE,1,In Service,FALSE,23,3/5/2019 10:27
,97,K3_FULL,13029,3/5/2019 10:23,41.865312,Off Street,-87.617867,60605,Field Museum,,Field Museum,IN_SERVICE,1,In Service,FALSE,55,3/5/2019 10:27
,98,K3_FULL,13006,3/5/2019 10:26,41.882664,,-87.63253,60602,LaSalle St & Washington St,,LaSalle St & Washington St,IN_SERVICE,1,In Service,FALSE,15,3/5/2019 10:27
,99,K3_FULL,13337,3/5/2019 10:25,41.89257,,-87.614492,60611,Lake Shore Dr & Ohio St,,Lake Shore Dr & Ohio St,IN_SERVICE,1,In Service,FALSE,19,3/5/2019 10:27
,100,K3_FULL,13013,3/5/2019 10:26,41.888243,333 N Orleans St,-87.63639,60654,Orleans St & Merchandise Mart Plaza,,Orleans St & Merchandise Mart Plaza,IN_SERVICE,1,In Service,FALSE,35,3/5/2019 10:27
,101,K3_FULL,15491,3/5/2019 10:23,41.78101637,,-87.57611976,60649,63rd St Beach,,63rd St Beach,IN_SERVICE,1,In Service,FALSE,15,3/5/2019 10:27
,102,K3_FULL,15492,3/5/2019 10:27,41.7734585,,-87.58533974,60649,Stony Island Ave & 67th St,,Stony Island Ave & 67th St,IN_SERVICE,1,In Service,FALSE,11,3/5/2019 10:27
,103,K3_FULL,15542,3/5/2019 10:27,41.87146652,,-87.64094913,60607,Clinton St & Polk St (*),Old kiosk KA1503000022 now at Clark & Montrose 5.3.2017 DH,Clinton St & Polk St (*),IN_SERVICE,1,In Service,FALSE,15,3/5/2019 10:27
,106,K3_FULL,13014,3/5/2019 10:23,41.897448,,-87.628722,60610,State St & Pearson St,,State St & Pearson St,IN_SERVICE,1,In Service,FALSE,27,3/5/2019 10:27
,107,K3_FULL,15539,3/5/2019 10:25,41.878287,,-87.643909,60661,Desplaines St & Jackson Blvd,,Desplaines St & Jackson Blvd,IN_SERVICE,1,In Service,FALSE,27,3/5/2019 10:27
,108,K3_FULL,13027,3/5/2019 10:23,41.87184,,-87.64664,60607,Halsted St & Polk St,,Halsted St & Polk St,IN_SERVICE,1,In Service,FALSE,19,3/5/2019 10:27
,109,K3_FULL,13028,3/5/2019 10:24,41.874754,,-87.649807,60607,900 W Harrison St,Peoria Blue Line,900 W Harrison St,IN_SERVICE,1,In Service,FALSE,19,3/5/2019 10:27
,110,K3_FULL,13045,3/5/2019 10:23,41.893992,,-87.629318,60654,Dearborn St & Erie St,"
",Dearborn St & Erie St,IN_SERVICE,1,In Service,FALSE,27,3/5/2019 10:27
,111,K3_FULL,13052,3/5/2019 10:23,41.894666,,-87.638437,60654,Sedgwick St & Huron St,,Sedgwick St & Huron St,IN_SERVICE,1,In Service,FALSE,27,3/5/2019 10:27
,112,K3_FULL,13053,3/5/2019 10:25,41.883668,,-87.64867,60607,Green St & Randolph St,,Green St & Randolph St,IN_SERVICE,1,In Service,FALSE,15,3/5/2019 10:27
,113,K3_FULL,13059,3/5/2019 10:23,41.91844,,-87.65222,60614,Bissell St & Armitage Ave,,Bissell St & Armitage Ave,IN_SERVICE,1,In Service,FALSE,15,3/5/2019 10:27
,114,K3_FULL,13062,3/5/2019 10:25,41.949399,,-87.654529,60657,Sheffield Ave & Waveland Ave,,Sheffield Ave & Waveland Ave,IN_SERVICE,1,In Service,FALSE,27,3/5/2019 10:27
,115,K3_FULL,13067,3/5/2019 10:24,41.936266,,-87.652662,60657,Sheffield Ave & Wellington Ave,,Sheffield Ave & Wellington Ave,IN_SERVICE,1,In Service,FALSE,23,3/5/2019 10:27
,116,K3_FULL,13068,3/5/2019 10:25,41.91552,,-87.687022,60647,Western Ave & Winnebago Ave,,Western Ave & Winnebago Ave,IN_SERVICE,1,In Service,FALSE,15,3/5/2019 10:27
,117,K3_FULL,13069,3/5/2019 10:23,41.94018,,-87.65304,60657,Wilton Ave & Belmont Ave,,Wilton Ave & Belmont Ave,IN_SERVICE,1,In Service,FALSE,27,3/5/2019 10:27
,118,K3_FULL,13070,3/5/2019 10:23,41.911386,,-87.638677,60610,Sedgwick St & North Ave,,Sedgwick St & North Ave,IN_SERVICE,1,In Service,FALSE,19,3/5/2019 10:27
,119,K3_FULL,13073,3/5/2019 10:23,41.88592,,-87.66717,60612,Ashland Ave & Lake St (Temp),,Ashland Ave & Lake St (Temp),IN_SERVICE,1,In Service,FALSE,19,3/5/2019 10:27
,120,K3_FULL,13075,3/5/2019 10:24,41.853005,,-87.630578,60616,Wentworth Ave & Cermak Rd (Temp),,Wentworth Ave & Cermak Rd (Temp),IN_SERVICE,1,In Service,FALSE,19,3/5/2019 10:27
,121,K3_FULL,13398,3/5/2019 10:24,41.802562,,-87.590368,60615,Blackstone Ave & Hyde Park Blvd,,Blackstone Ave & Hyde Park Blvd,IN_SERVICE,1,In Service,FALSE,19,3/5/2019 10:27
,122,K3_FULL,13081,3/5/2019 10:23,41.87501,,-87.67328,60612,Ogden Ave & Congress Pkwy,,Ogden Ave & Congress Pkwy,IN_SERVICE,1,In Service,FALSE,15,3/5/2019 10:27
,123,K3_FULL,13084,3/5/2019 10:26,41.922695,,-87.697153,60647,California Ave & Milwaukee Ave,,California Ave & Milwaukee Ave,IN_SERVICE,1,In Service,FALSE,15,3/5/2019 10:27
,124,K3_FULL,13089,3/5/2019 10:25,41.855048,,-87.675726,60608,Damen Ave & Cullerton St,,Damen Ave & Cullerton St,IN_SERVICE,1,In Service,FALSE,15,3/5/2019 10:27
,125,K3_FULL,15533,3/5/2019 10:24,41.890173,,-87.626185,60611,Rush St & Hubbard St,,Rush St & Hubbard St,IN_SERVICE,1,In Service,FALSE,23,3/5/2019 10:27
,126,K3_FULL,13128,3/5/2019 10:24,41.911974,,-87.631942,60614,Clark St & North Ave,,Clark St & North Ave,IN_SERVICE,1,In Service,FALSE,15,3/5/2019 10:27
,127,K3_FULL,13131,3/5/2019 10:25,41.925905,,-87.64926,60614,Lincoln Ave & Fullerton Ave,,Lincoln Ave & Fullerton Ave,IN_SERVICE,1,In Service,FALSE,15,3/5/2019 10:27
,128,K3_FULL,13132,3/5/2019 10:26,41.895769,,-87.67722,60622,Damen Ave & Chicago Ave,,Damen Ave & Chicago Ave,IN_SERVICE,1,In Service,FALSE,19,3/5/2019 10:27
,129,K3_FULL,13135,3/5/2019 10:26,41.857556,,-87.661535,60608,Blue Island Ave & 18th St,,Blue Island Ave & 18th St,IN_SERVICE,1,In Service,FALSE,15,3/5/2019 10:27
,130,K3_FULL,13136,3/5/2019 10:25,41.903266,,-87.678435,60622,Damen Ave & Division St,,Damen Ave & Division St,IN_SERVICE,1,In Service,FALSE,19,3/5/2019 10:27
,131,K3_FULL,13140,3/5/2019 10:25,41.939365,,-87.668385,60657,Lincoln Ave & Belmont Ave,,Lincoln Ave & Belmont Ave,IN_SERVICE,1,In Service,FALSE,15,3/5/2019 10:27
,132,K3_FULL,13149,3/5/2019 10:24,41.849237,,-87.631715,60616,Wentworth Ave & 24th St,,Wentworth Ave & 24th St,IN_SERVICE,1,In Service,FALSE,15,3/5/2019 10:27
,133,K3_FULL,15532,3/5/2019 10:27,41.88917683,,-87.63850577,60654,Kingsbury St & Kinzie St,,Kingsbury St & Kinzie St,IN_SERVICE,1,In Service,FALSE,31,3/5/2019 10:27
,134,K3_FULL,13158,3/5/2019 10:24,41.877749,,-87.649633,60607,Peoria St & Jackson Blvd,,Peoria St & Jackson Blvd,IN_SERVICE,1,In Service,FALSE,19,3/5/2019 10:27
,135,K3_FULL,13162,3/5/2019 10:23,41.85378,,-87.64665,60608,Halsted St & 21st St,,Halsted St & 21st St,IN_SERVICE,1,In Service,FALSE,11,3/5/2019 10:27
,136,K3_FULL,13165,3/5/2019 10:24,41.865054,,-87.656959,60608,Racine Ave & 13th St,,Racine Ave & 13th St,IN_SERVICE,1,In Service,FALSE,15,3/5/2019 10:27
,137,K3_FULL,13169,3/5/2019 10:24,41.862378,,-87.651062,60608,Morgan Ave & 14th Pl,,Morgan Ave & 14th Pl,IN_SERVICE,1,In Service,FALSE,15,3/5/2019 10:27
,138,K3_FULL,13171,3/5/2019 10:24,41.904613,,-87.640552,60610,Clybourn Ave & Division St,,Clybourn Ave & Division St,IN_SERVICE,1,In Service,FALSE,15,3/5/2019 10:27
,140,K3_FULL,13173,3/5/2019 10:24,41.898969,,-87.629912,60610,Dearborn Pkwy & Delaware Pl,,Dearborn Pkwy & Delaware Pl,IN_SERVICE,1,In Service,FALSE,19,3/5/2019 10:27
,141,K3_FULL,13179,3/5/2019 10:25,41.915689,,-87.6346,60614,Clark St & Lincoln Ave,,Clark St & Lincoln Ave,IN_SERVICE,1,In Service,FALSE,23,3/5/2019 10:27
,142,K3_FULL,15531,3/5/2019 10:25,41.894503,660 N McClurg Ct,-87.617854,60611,McClurg Ct & Erie St,,McClurg Ct & Erie St,IN_SERVICE,1,In Service,FALSE,31,3/5/2019 10:27
,143,K3_FULL,13191,3/5/2019 10:25,41.922167,,-87.638888,60614,Sedgwick St & Webster Ave,,Sedgwick St & Webster Ave,IN_SERVICE,1,In Service,FALSE,15,3/5/2019 10:27
,144,K3_FULL,13193,3/5/2019 10:26,41.921822,,-87.64414,60614,Larrabee St & Webster Ave,,Larrabee St & Webster Ave,IN_SERVICE,1,In Service,FALSE,19,3/5/2019 10:27
,145,K3_FULL,15529,3/5/2019 10:26,41.89858665,,-87.62191523,60611,Mies van der Rohe Way & Chestnut St,,Mies van der Rohe Way & Chestnut St,IN_SERVICE,1,In Service,FALSE,19,3/5/2019 10:27
,146,K3_FULL,13206,3/5/2019 10:26,41.877945,,-87.662007,60607,Loomis St & Jackson Blvd,,Loomis St & Jackson Blvd,IN_SERVICE,1,In Service,FALSE,19,3/5/2019 10:27
,147,K3_FULL,13212,3/5/2019 10:23,41.845687,,-87.622481,60616,Indiana Ave & 26th St,,Indiana Ave & 26th St,IN_SERVICE,1,In Service,FALSE,15,3/5/2019 10:27
,148,K3_FULL,13216,3/5/2019 10:26,41.834734,,-87.625813,60616,State St & 33rd St,,State St & 33rd St,IN_SERVICE,1,In Service,FALSE,15,3/5/2019 10:27
,149,K3_FULL,13217,3/5/2019 10:25,41.8349,,-87.61793,60616,Calumet Ave & 33rd St,,Calumet Ave & 33rd St,IN_SERVICE,1,In Service,FALSE,11,3/5/2019 10:27
,150,K3_FULL,13220,3/5/2019 10:25,41.838556,,-87.608218,60616,Fort Dearborn Dr & 31st St,,Fort Dearborn Dr & 31st St,IN_SERVICE,1,In Service,FALSE,27,3/5/2019 10:27
,152,K3_FULL,13226,3/5/2019 10:26,41.932225,,-87.658617,60614,Lincoln Ave & Diversey Pkwy,,Lincoln Ave & Diversey Pkwy,IN_SERVICE,1,In Service,FALSE,15,3/5/2019 10:27
,153,K3_FULL,13228,3/5/2019 10:27,41.935733,,-87.663576,60657,Southport Ave & Wellington Ave,,Southport Ave & Wellington Ave,IN_SERVICE,1,In Service,FALSE,19,3/5/2019 10:27
,154,K3_FULL,13229,3/5/2019 10:23,41.93949,,-87.66378,60657,Southport Ave & Belmont Ave,,Southport Ave & Belmont Ave,IN_SERVICE,1,In Service,FALSE,15,3/5/2019 10:27
,156,K3_FULL,13232,3/5/2019 10:26,41.93649682,,-87.64753866,60657,Clark St & Wellington Ave,,Clark St & Wellington Ave,IN_SERVICE,1,In Service,FALSE,15,3/5/2019 10:27
,157,K3_FULL,13234,3/5/2019 10:25,41.936669,,-87.636794,60657,Lake Shore Dr & Wellington Ave,,Lake Shore Dr & Wellington Ave,IN_SERVICE,1,In Service,FALSE,15,3/5/2019 10:27
,158,K3_FULL,13243,3/5/2019 10:24,41.912616,,-87.681391,60647,Milwaukee Ave & Wabansia Ave,,Milwaukee Ave & Wabansia Ave,IN_SERVICE,1,In Service,FALSE,15,3/5/2019 10:27
,159,K3_FULL,13245,3/5/2019 10:23,41.907781,,-87.685854,60622,1451 N Claremont Ave,,Claremont Ave & Hirsch St,IN_SERVICE,1,In Service,FALSE,11,3/5/2019 10:27
,160,K3_FULL,13257,3/5/2019 10:26,41.910535,,-87.689556,60647,Campbell Ave & North Ave,,Campbell Ave & North Ave,IN_SERVICE,1,In Service,FALSE,15,3/5/2019 10:27
,161,K3_FULL,15530,3/5/2019 10:27,41.89576475,,-87.62590803,60611,Rush St & Superior St,,Rush St & Superior St,IN_SERVICE,1,In Service,FALSE,23,3/5/2019 10:27
,162,K3_FULL,13268,3/5/2019 10:24,41.93588,,-87.67842,60618,Damen Ave & Wellington Ave,,Damen Ave & Wellington Ave,IN_SERVICE,1,In Service,FALSE,15,3/5/2019 10:27
,163,K3_FULL,13271,3/5/2019 10:26,41.931931,,-87.677856,60614,Damen Ave & Clybourn Ave,,Damen Ave & Clybourn Ave,IN_SERVICE,1,In Service,FALSE,15,3/5/2019 10:27
,164,K3_FULL,13272,3/5/2019 10:23,41.885837,,-87.6355,60606,Franklin St & Lake St,,Franklin St & Lake St,IN_SERVICE,1,In Service,FALSE,27,3/5/2019 10:27
,165,K3_FULL,13275,3/5/2019 10:24,41.95078,,-87.659172,60613,Clark St & Grace St,,Clark St & Grace St,IN_SERVICE,1,In Service,FALSE,23,3/5/2019 10:27
,166,K3_FULL,13296,3/5/2019 10:23,41.92883,,-87.668507,60614,Ashland Ave & Wrightwood Ave,,Ashland Ave & Wrightwood Ave,IN_SERVICE,1,In Service,FALSE,15,3/5/2019 10:27
,167,K3_FULL,13306,3/5/2019 10:24,41.8492,,-87.67564,60608,Damen Ave & Coulter St,,Damen Ave & Coulter St,IN_SERVICE,1,In Service,FALSE,7,3/5/2019 10:27
,168,K3_FULL,13310,3/5/2019 10:25,41.864059,,-87.623727,60605,Michigan Ave & 14th St,,Michigan Ave & 14th St,IN_SERVICE,1,In Service,FALSE,19,3/5/2019 10:27
,169,K3_FULL,13326,3/5/2019 10:23,41.874255,,-87.639573,60607,Canal St & Harrison St,,Canal St & Harrison St,IN_SERVICE,1,In Service,FALSE,15,3/5/2019 10:27
,170,K3_FULL,13329,3/5/2019 10:25,41.85795,,-87.640826,60616,Clinton St & 18th St,,Clinton St & 18th St,IN_SERVICE,1,In Service,FALSE,15,3/5/2019 10:27
,171,K3_FULL,13331,3/5/2019 10:23,41.855136,,-87.654127,60608,May St & Cullerton St,,May St & Cullerton St,IN_SERVICE,1,In Service,FALSE,11,3/5/2019 10:27
,172,K3_FULL,15525,3/5/2019 10:26,41.9023087,,-87.62769053,60611,Rush St & Cedar St,,Rush St & Cedar St,IN_SERVICE,1,In Service,FALSE,11,3/5/2019 10:27
,173,K3_FULL,13338,3/5/2019 10:24,41.89691,,-87.621743,60611,Mies van der Rohe Way & Chicago Ave,,Mies van der Rohe Way & Chicago Ave,IN_SERVICE,1,In Service,FALSE,15,3/5/2019 10:27
,174,K3_FULL,13341,3/5/2019 10:26,41.882091,,-87.639833,60606,Canal St & Madison St,,Canal St & Madison St,IN_SERVICE,1,In Service,FALSE,35,3/5/2019 10:27
,175,K3_FULL,13344,3/5/2019 10:25,41.872596,,-87.633502,60607,Wells St & Polk St,,Wells St & Polk St,IN_SERVICE,1,In Service,FALSE,19,3/5/2019 10:27
,176,K3_FULL,13349,3/5/2019 10:26,41.902973,,-87.63128,60610,Clark St & Elm St,,Clark St & Elm St,IN_SERVICE,1,In Service,FALSE,39,3/5/2019 10:27
,177,K3_FULL,13350,3/5/2019 10:23,41.926277,,-87.630834,60614,Theater on the Lake,,Theater on the Lake,IN_SERVICE,1,In Service,FALSE,31,3/5/2019 10:27
,178,K3_FULL,13408,3/5/2019 10:25,41.856594,,-87.627542,60616,State St & 19th St,,State St & 19th St,IN_SERVICE,1,In Service,FALSE,15,3/5/2019 10:27
,179,K3_FULL,13420,3/5/2019 10:25,41.8246,Off Steet,-87.61678,60653,MLK Jr Dr & Pershing Rd,Formerly MLK Jr Dr & Oakwood Blvd,MLK Jr Dr & Pershing Rd,IN_SERVICE,1,In Service,FALSE,15,3/5/2019 10:27
,180,K3_FULL,15523,3/5/2019 10:24,41.906866,,-87.626217,60610,Ritchie Ct & Banks St,,Ritchie Ct & Banks St,IN_SERVICE,1,In Service,FALSE,15,3/5/2019 10:27
,181,K3_FULL,13430,3/5/2019 10:25,41.890762,On Street,-87.631697,60654,LaSalle St & Illinois St,,LaSalle St & Illinois St,IN_SERVICE,1,In Service,FALSE,31,3/5/2019 10:27
,182,K3_FULL,15522,3/5/2019 10:24,41.903222,,-87.634324,60610,Wells St & Elm St,,Wells St & Elm St,IN_SERVICE,1,In Service,FALSE,23,3/5/2019 10:27
,183,K3_FULL,13142,3/5/2019 10:23,41.901315,,-87.677409,60622,Damen Ave & Thomas St (Augusta Blvd),,Damen Ave & Thomas St (Augusta Blvd),IN_SERVICE,1,In Service,FALSE,23,3/5/2019 10:27
,184,K3_FULL,13082,3/5/2019 10:27,41.83104,,-87.62688,60616,State St & 35th St,,State St & 35th St,IN_SERVICE,1,In Service,FALSE,15,3/5/2019 10:27
,185,K3_FULL,13266,3/5/2019 10:25,41.917741,,-87.691392,60647,Stave St & Armitage Ave,,Stave St & Armitage Ave,IN_SERVICE,1,In Service,FALSE,11,3/5/2019 10:27
,186,K3_FULL,13194,3/5/2019 10:26,41.891795,,-87.658751,60642,Ogden Ave & Race Ave,,Ogden Ave & Race Ave,IN_SERVICE,1,In Service,FALSE,15,3/5/2019 10:27
,188,K3_FULL,13295,3/5/2019 10:26,41.92533,,-87.6658,60614,Greenview Ave & Fullerton Ave,,Greenview Ave & Fullerton Ave,IN_SERVICE,1,In Service,FALSE,15,3/5/2019 10:27
,190,K3_FULL,13298,3/5/2019 10:25,41.928773,,-87.663913,60614,Southport Ave & Wrightwood Ave,,Southport Ave & Wrightwood Ave,IN_SERVICE,1,In Service,FALSE,15,3/5/2019 10:27
,191,K3_FULL,13056,3/5/2019 10:23,41.880381,,-87.639507,60661,Canal St & Monroe St (*),,Canal St & Monroe St (*),IN_SERVICE,1,In Service,FALSE,28,3/5/2019 10:27
,192,K3_FULL,13011,3/5/2019 10:27,41.879255,,-87.639904,60661,Canal St & Adams St,,Canal St & Adams St,IN_SERVICE,1,In Service,FALSE,47,3/5/2019 10:27
,193,K3_FULL,13213,3/5/2019 10:26,41.841707,,-87.626938,60616,State St & 29th St,,State St & 29th St,IN_SERVICE,1,In Service,FALSE,11,3/5/2019 10:27
,194,K3_FULL,13339,3/5/2019 10:24,41.886875,,-87.62603,60601,Wabash Ave & Wacker Pl,,Wabash Ave & Wacker Pl,IN_SERVICE,1,In Service,FALSE,19,3/5/2019 10:27
,195,K3_FULL,13263,3/5/2019 10:25,41.884728,,-87.619521,60601,Columbus Dr & Randolph St,,Columbus Dr & Randolph St,IN_SERVICE,1,In Service,FALSE,55,3/5/2019 10:27
,196,K3_FULL,13427,3/5/2019 10:23,41.890573,,-87.622072,60611,Cityfront Plaza Dr & Pioneer Ct,,Cityfront Plaza Dr & Pioneer Ct,IN_SERVICE,1,In Service,FALSE,31,3/5/2019 10:27
,197,K3_FULL,13036,3/5/2019 10:24,41.882134,,-87.625125,60602,Michigan Ave & Madison St,,Michigan Ave & Madison St,IN_SERVICE,1,In Service,FALSE,19,3/5/2019 10:27
,198,K3_FULL,13159,3/5/2019 10:25,41.881892,,-87.648789,60661,Green St & Madison St,,Green St & Madison St,IN_SERVICE,1,In Service,FALSE,27,3/5/2019 10:27
,199,K3_FULL,13004,3/5/2019 10:24,41.891466,,-87.626761,60611,Wabash Ave & Grand Ave,,Wabash Ave & Grand Ave,IN_SERVICE,1,In Service,FALSE,31,3/5/2019 10:27
,200,K3_FULL,13090,3/5/2019 10:23,41.809851,,-87.616279,60653,MLK Jr Dr & 47th St,,MLK Jr Dr & 47th St,IN_SERVICE,1,In Service,FALSE,11,3/5/2019 10:27
,201,K3_FULL,13083,3/5/2019 10:26,41.82168,,-87.6216,60653,Indiana Ave & 40th St,,Indiana Ave & 40th St,IN_SERVICE,1,In Service,FALSE,11,3/5/2019 10:27
,202,K3_FULL,13099,3/5/2019 10:23,41.857499,,-87.646277,60616,Halsted St & 18th St,,Halsted St & 18th St,IN_SERVICE,1,In Service,FALSE,15,3/5/2019 10:27
,203,K3_FULL,13091,3/5/2019 10:26,41.854109,,-87.685838,60608,Western Ave & 21st St,,Western Ave & 21st St,IN_SERVICE,1,In Service,FALSE,15,3/5/2019 10:27
,204,K3_FULL,13101,3/5/2019 10:26,41.794853,,-87.618691,60637,Prairie Ave & Garfield Blvd,,Prairie Ave & Garfield Blvd,IN_SERVICE,1,In Service,FALSE,11,3/5/2019 10:27
,205,K3_FULL,13088,3/5/2019 10:25,41.857901,,-87.668745,60608,Paulina St & 18th St,,Paulina St & 18th St,IN_SERVICE,1,In Service,FALSE,15,3/5/2019 10:27
,206,K3_FULL,13098,3/5/2019 10:24,41.847203,,-87.646795,60608,Halsted St & Archer Ave,,Halsted St & Archer Ave,IN_SERVICE,1,In Service,FALSE,15,3/5/2019 10:27
,207,K3_FULL,13399,3/5/2019 10:26,41.84358,,-87.645368,60616,Emerald Ave & 28th St,,Emerald Ave & 28th St,IN_SERVICE,1,In Service,FALSE,15,3/5/2019 10:27
,208,K3_FULL,13307,3/5/2019 10:25,41.85381,,-87.665897,60608,Ashland Ave & 21st St,,Ashland Ave & 21st St,IN_SERVICE,1,In Service,FALSE,14,3/5/2019 10:27
,209,K3_FULL,13308,3/5/2019 10:24,41.849527,,-87.640591,60616,Normal Ave & Archer Ave,,Normal Ave & Archer Ave,IN_SERVICE,1,In Service,FALSE,11,3/5/2019 10:27
,210,K3_FULL,13061,3/5/2019 10:23,41.90345,,-87.667747,60622,Ashland Ave & Division St,,Ashland Ave & Division St,IN_SERVICE,1,In Service,FALSE,27,3/5/2019 10:27
,211,K3_FULL,13016,3/5/2019 10:24,41.894448,,-87.622663,60611,St. Clair St & Erie St,,St. Clair St & Erie St,IN_SERVICE,1,In Service,FALSE,19,3/5/2019 10:27
,212,K3_FULL,13264,3/5/2019 10:23,41.889906,,-87.634266,60654,Wells St & Hubbard St,,Wells St & Hubbard St,IN_SERVICE,1,In Service,FALSE,31,3/5/2019 10:27
,213,K3_FULL,13244,3/5/2019 10:24,41.910153,,-87.68229,60622,Leavitt St & North Ave,,Leavitt St & North Ave,IN_SERVICE,1,In Service,FALSE,15,3/5/2019 10:27
,214,K3_FULL,13141,3/5/2019 10:22,41.89122,,-87.67686,60622,Damen Ave & Grand Ave,,Damen Ave & Grand Ave,IN_SERVICE,1,In Service,FALSE,23,3/5/2019 10:27
,215,K3_FULL,13134,3/5/2019 10:23,41.88137,,-87.67493,60612,Damen Ave & Madison St,,Damen Ave & Madison St,IN_SERVICE,1,In Service,FALSE,15,3/5/2019 10:27
,216,K3_FULL,13256,3/5/2019 10:25,41.903029,,-87.697474,60622,California Ave & Division St,,California Ave & Division St,IN_SERVICE,1,In Service,FALSE,15,3/5/2019 10:27
,217,K3_FULL,13197,3/5/2019 10:25,41.886926,,-87.656919,60607,Racine Ave (May St) & Fulton St,,Racine Ave (May St) & Fulton St,IN_SERVICE,1,In Service,FALSE,15,3/5/2019 10:27
,218,K3_FULL,13180,3/5/2019 10:23,41.856802,,-87.633879,60616,Wells St & 19th St,,Wells St & 19th St,IN_SERVICE,1,In Service,FALSE,11,3/5/2019 10:27
,219,K3_FULL,13133,3/5/2019 10:26,41.915983,,-87.677335,60622,Damen Ave & Cortland St,,Damen Ave & Cortland St,IN_SERVICE,1,In Service,FALSE,19,3/5/2019 10:27
,220,K3_FULL,13123,3/5/2019 10:26,41.931248,,-87.644336,60614,Clark St & Drummond Pl,,Clark St & Drummond Pl,IN_SERVICE,1,In Service,FALSE,23,3/5/2019 10:27
,222,K3_FULL,13242,3/5/2019 10:26,41.920195,,-87.693033,60647,Milwaukee Ave & Rockwell St,,Milwaukee Ave & Rockwell St,IN_SERVICE,1,In Service,FALSE,19,3/5/2019 10:27
,223,K3_FULL,13185,3/5/2019 10:24,41.918216,,-87.656936,60614,Clifton Ave & Armitage Ave,,Clifton Ave & Armitage Ave,IN_SERVICE,1,In Service,FALSE,15,3/5/2019 10:27
,224,K3_FULL,13181,3/5/2019 10:24,41.913865,,-87.648755,60614,Halsted St & Willow St,,Halsted St & Willow St,IN_SERVICE,1,In Service,FALSE,19,3/5/2019 10:27
,225,K3_FULL,13192,3/5/2019 10:23,41.919936,,-87.64883,60614,Halsted St & Dickens Ave,,Halsted St & Dickens Ave,IN_SERVICE,1,In Service,FALSE,23,3/5/2019 10:27
,226,K3_FULL,13230,3/5/2019 10:24,41.939743,,-87.658865,60657,Racine Ave & Belmont Ave,,Racine Ave & Belmont Ave,IN_SERVICE,1,In Service,FALSE,15,3/5/2019 10:27
,227,K3_FULL,13235,3/5/2019 10:24,41.94815,,-87.66394,60613,Southport Ave & Waveland Ave,,Southport Ave & Waveland Ave,IN_SERVICE,1,In Service,FALSE,23,3/5/2019 10:27
,228,K3_FULL,13143,3/5/2019 10:23,41.9406,,-87.6785,60618,Damen Ave & Melrose Ave,,Damen Ave & Melrose Ave,IN_SERVICE,1,In Service,FALSE,15,3/5/2019 10:27
,229,K3_FULL,13071,3/5/2019 10:25,41.943739,,-87.66402,60657,Southport Ave & Roscoe St,,Southport Ave & Roscoe St,IN_SERVICE,1,In Service,FALSE,19,3/5/2019 10:27
,230,K3_FULL,13078,3/5/2019 10:24,41.94334,,-87.67097,60657,Lincoln Ave & Roscoe St,,Lincoln Ave & Roscoe St,IN_SERVICE,1,In Service,FALSE,19,3/5/2019 10:27
,231,K3_FULL,13130,3/5/2019 10:22,41.96167,,-87.65464,60613,Sheridan Rd & Montrose Ave,,Sheridan Rd & Montrose Ave,IN_SERVICE,1,In Service,FALSE,23,3/5/2019 10:27
,232,K3_FULL,13273,3/5/2019 10:24,41.949275,,-87.646303,60613,Pine Grove Ave & Waveland Ave,,Pine Grove Ave & Waveland Ave,IN_SERVICE,1,In Service,FALSE,23,3/5/2019 10:27
,233,K3_FULL,13409,3/5/2019 10:25,41.883165,,-87.6511,60607,Sangamon St & Washington Blvd (*),,Sangamon St & Washington Blvd (*),IN_SERVICE,1,In Service,FALSE,16,3/5/2019 10:27
,234,K3_FULL,13316,3/5/2019 10:25,41.961588,,-87.666036,60613,Clark St & Montrose Ave,Old Kiosk from Clinton & Polk which is a Smart Panel now,Clark St & Montrose Ave,IN_SERVICE,1,In Service,FALSE,19,3/5/2019 10:27
,236,K3_FULL,13410,3/5/2019 10:25,41.907626,,-87.638566,60610,Sedgwick St & Schiller St,,Sedgwick St & Schiller St,IN_SERVICE,1,In Service,FALSE,15,3/5/2019 10:27
,237,K3_FULL,13214,3/5/2019 10:24,41.842052,,-87.617,60616,MLK Jr Dr & 29th St,,MLK Jr Dr & 29th St,IN_SERVICE,1,In Service,FALSE,19,3/5/2019 10:27
,238,K3_FULL,13092,3/5/2019 10:23,41.961406,,-87.676169,60613,Wolcott (Ravenswood) Ave & Montrose Ave (*),,Wolcott (Ravenswood) Ave & Montrose Ave (*),IN_SERVICE,1,In Service,FALSE,16,3/5/2019 10:27
,239,K3_FULL,13112,3/5/2019 10:26,41.966555,,-87.688487,60625,Western Ave & Leland Ave,,Western Ave & Leland Ave,IN_SERVICE,1,In Service,FALSE,19,3/5/2019 10:27
,240,K3_FULL,13063,3/5/2019 10:26,41.954245,,-87.654406,60613,Sheridan Rd & Irving Park Rd,,Sheridan Rd & Irving Park Rd,IN_SERVICE,1,In Service,FALSE,27,3/5/2019 10:27
,241,K3_FULL,13168,3/5/2019 10:25,41.871737,,-87.65103,60607,Morgan St & Polk St,,Morgan St & Polk St,IN_SERVICE,1,In Service,FALSE,19,3/5/2019 10:27
,242,K3_FULL,13093,3/5/2019 10:25,41.967094,,-87.679028,60625,Damen Ave & Leland Ave,,Damen Ave & Leland Ave,IN_SERVICE,1,In Service,FALSE,15,3/5/2019 10:27
,243,K3_FULL,13126,3/5/2019 10:23,41.963004,,-87.684781,60625,Lincoln Ave & Sunnyside Ave,,Lincoln Ave & Sunnyside Ave,IN_SERVICE,1,In Service,FALSE,15,3/5/2019 10:27
,244,K3_FULL,13087,3/5/2019 10:25,41.95469,,-87.67393,60613,Ravenswood Ave & Irving Park Rd,,Ravenswood Ave & Irving Park Rd,IN_SERVICE,1,In Service,FALSE,19,3/5/2019 10:27
,245,K3_FULL,13389,3/5/2019 10:27,41.961004,,-87.649603,60613,Clarendon Ave & Junior Ter,,Clarendon Ave & Junior Ter,IN_SERVICE,1,In Service,FALSE,23,3/5/2019 10:27
,246,K3_FULL,13249,3/5/2019 10:25,41.956057,,-87.668835,60613,Ashland Ave & Belle Plaine Ave,,Ashland Ave & Belle Plaine Ave,IN_SERVICE,1,In Service,FALSE,11,3/5/2019 10:27
,247,K3_FULL,13361,3/5/2019 10:27,41.795212,,-87.580715,60615,Shore Dr & 55th St,,Shore Dr & 55th St,IN_SERVICE,1,In Service,FALSE,19,3/5/2019 10:27
,248,K3_FULL,13362,3/5/2019 10:24,41.795264,,-87.596471,60615,Woodlawn Ave & 55th St,,Woodlawn Ave & 55th St,IN_SERVICE,1,In Service,FALSE,19,3/5/2019 10:27
,249,K3_FULL,13388,3/5/2019 10:22,41.963982,,-87.638181,60613,Montrose Harbor,,Montrose Harbor,IN_SERVICE,1,In Service,FALSE,31,3/5/2019 10:27
,250,K3_FULL,13269,3/5/2019 10:22,41.936083,,-87.669807,60657,Ashland Ave & Wellington Ave,,Ashland Ave & Wellington Ave,IN_SERVICE,1,In Service,FALSE,19,3/5/2019 10:27
,251,K3_FULL,13385,3/5/2019 10:26,41.967968,,-87.650001,60640,Clarendon Ave & Leland Ave,,Clarendon Ave & Leland Ave,IN_SERVICE,1,In Service,FALSE,15,3/5/2019 10:27
,252,K3_FULL,13396,3/5/2019 10:27,41.809835,,-87.599383,60653,Greenwood Ave & 47th St,,Greenwood Ave & 47th St,IN_SERVICE,1,In Service,FALSE,15,3/5/2019 10:27
,253,K3_FULL,13104,3/5/2019 10:25,41.968812,,-87.657659,60640,Winthrop Ave & Lawrence Ave,,Winthrop Ave & Lawrence Ave,IN_SERVICE,1,In Service,FALSE,15,3/5/2019 10:27
,254,K3_FULL,13324,3/5/2019 10:23,41.954383,,-87.648043,60613,Pine Grove Ave & Irving Park Rd,,Pine Grove Ave & Irving Park Rd,IN_SERVICE,1,In Service,FALSE,15,3/5/2019 10:27
,255,K3_FULL,13309,3/5/2019 10:24,41.867888,,-87.623041,60605,Indiana Ave & Roosevelt Rd,,Indiana Ave & Roosevelt Rd,IN_SERVICE,1,In Service,FALSE,39,3/5/2019 10:27
,256,K3_FULL,13323,3/5/2019 10:26,41.952833,,-87.649993,60613,Broadway & Sheridan Rd,,Broadway & Sheridan Rd,IN_SERVICE,1,In Service,FALSE,15,3/5/2019 10:27
,257,K3_FULL,13253,3/5/2019 10:26,41.948797,,-87.675278,60613,Lincoln Ave & Waveland Ave,,Lincoln Ave & Waveland Ave,IN_SERVICE,1,In Service,FALSE,15,3/5/2019 10:27
,258,K3_FULL,13145,3/5/2019 10:23,41.929465,,-87.684158,60647,Logan Blvd & Elston Ave,,Logan Blvd & Elston Ave,IN_SERVICE,1,In Service,FALSE,27,3/5/2019 10:27
,259,K3_FULL,13259,3/5/2019 10:23,41.918121,,-87.696972,60647,California Ave & Francis Pl,,California Ave & Francis Pl,IN_SERVICE,1,In Service,FALSE,15,3/5/2019 10:27
,260,K3_FULL,13085,3/5/2019 10:25,41.929567,,-87.707857,60647,Kedzie Ave & Milwaukee Ave,,Kedzie Ave & Milwaukee Ave,IN_SERVICE,1,In Service,FALSE,35,3/5/2019 10:27
,261,K3_FULL,13080,3/5/2019 10:26,41.871514,,-87.669886,60612,Hermitage Ave & Polk St,,Hermitage Ave & Polk St,IN_SERVICE,1,In Service,FALSE,15,3/5/2019 10:27
,262,K3_FULL,13414,3/5/2019 10:25,41.827059,On Street,-87.64572,60609,Halsted St & 37th St,,Halsted St & 37th St,IN_SERVICE,1,In Service,FALSE,11,3/5/2019 10:27
,263,K3_FULL,13215,3/5/2019 10:25,41.836208,,-87.613533,60616,Rhodes Ave & 32nd St,,Rhodes Ave & 32nd St,IN_SERVICE,1,In Service,FALSE,10,3/5/2019 10:27
,264,K3_FULL,13048,3/5/2019 10:26,41.886835,,-87.62232,60601,Stetson Ave & South Water St,,Stetson Ave & South Water St,IN_SERVICE,1,In Service,FALSE,19,3/5/2019 10:27
,265,K3_FULL,13346,3/5/2019 10:23,41.822985,,-87.6071,60653,Cottage Grove Ave & Oakwood Blvd,,Cottage Grove Ave & Oakwood Blvd,IN_SERVICE,1,In Service,FALSE,15,3/5/2019 10:27
,267,K3_FULL,13117,3/5/2019 10:24,41.809443,,-87.591875,60615,Lake Park Ave & 47th St,,Lake Park Ave & 47th St,IN_SERVICE,1,In Service,FALSE,15,3/5/2019 10:27
,268,K3_FULL,13328,3/5/2019 10:26,41.911722,,-87.626804,60610,Lake Shore Dr & North Blvd,,Lake Shore Dr & North Blvd,IN_SERVICE,1,In Service,FALSE,39,3/5/2019 10:27
,270,K3_FULL,15498,3/5/2019 10:25,41.75866967,,-87.58688287,60619,Stony Island Ave & 75th St,,Stony Island Ave & 75th St,IN_SERVICE,1,In Service,FALSE,11,3/5/2019 10:27
,271,K3_FULL,13086,3/5/2019 10:24,41.816499,,-87.606582,60653,Cottage Grove Ave & 43rd St,,Cottage Grove Ave & 43rd St,IN_SERVICE,1,In Service,FALSE,11,3/5/2019 10:27
,272,K3_FULL,13219,3/5/2019 10:25,41.838842,,-87.621857,60616,Indiana Ave & 31st St,,Indiana Ave & 31st St,IN_SERVICE,1,In Service,FALSE,11,3/5/2019 10:27
,273,K3_FULL,13150,3/5/2019 10:24,41.857813,,-87.62455,60616,Michigan Ave & 18th St,,Michigan Ave & 18th St,IN_SERVICE,1,In Service,FALSE,23,3/5/2019 10:27
,274,K3_FULL,13304,3/5/2019 10:23,41.861267,,-87.656625,60608,Racine Ave & 15th St,,Racine Ave & 15th St,IN_SERVICE,1,In Service,FALSE,15,3/5/2019 10:27
,275,K3_FULL,13354,3/5/2019 10:27,41.865234,,-87.666507,60608,Ashland Ave & 13th St,,Ashland Ave & 13th St,IN_SERVICE,1,In Service,FALSE,15,3/5/2019 10:27
,276,K3_FULL,13258,3/5/2019 10:24,41.91044,,-87.6972,60647,California Ave & North Ave,,California Ave & North Ave,IN_SERVICE,1,In Service,FALSE,11,3/5/2019 10:27
,277,K3_FULL,13434,3/5/2019 10:26,41.891072,Off Street,-87.666611,60642,Ashland Ave & Grand Ave,,Ashland Ave & Grand Ave,IN_SERVICE,1,In Service,FALSE,15,3/5/2019 10:27
,278,K3_FULL,13417,3/5/2019 10:22,41.830629,On Street,-87.64129,60609,Wallace St & 35th St,,Wallace St & 35th St,IN_SERVICE,1,In Service,FALSE,15,3/5/2019 10:27
,279,K3_FULL,13413,3/5/2019 10:26,41.830661,,-87.647172,60609,Halsted St & 35th St (*),,Halsted St & 35th St (*),IN_SERVICE,1,In Service,FALSE,16,3/5/2019 10:27
,280,K3_FULL,13097,3/5/2019 10:25,41.8378,,-87.65114,60608,Morgan St & 31st St,,Morgan St & 31st St,IN_SERVICE,1,In Service,FALSE,11,3/5/2019 10:27
,281,K3_FULL,13393,3/5/2019 10:24,41.84847,,-87.685109,60608,Western Ave & 24th St,,Western Ave & 24th St,IN_SERVICE,1,In Service,FALSE,7,3/5/2019 10:27
,282,K3_FULL,13161,3/5/2019 10:26,41.864883,,-87.647071,60607,Halsted St & Maxwell St,,Halsted St & Maxwell St,IN_SERVICE,1,In Service,FALSE,15,3/5/2019 10:27
,283,K3_FULL,13032,3/5/2019 10:21,41.878166,,-87.631929,60604,LaSalle St & Jackson Blvd,,LaSalle St & Jackson Blvd,IN_SERVICE,1,In Service,FALSE,35,3/5/2019 10:27
,284,K3_FULL,13340,3/5/2019 10:24,41.87785,,-87.62408,60604,Michigan Ave & Jackson Blvd,,Michigan Ave & Jackson Blvd,IN_SERVICE,1,In Service,FALSE,23,3/5/2019 10:27
,285,K3_FULL,13432,3/5/2019 10:26,41.889587,Off Street,-87.671956,60622,Wood St & Hubbard St,,Wood St & Hubbard St,IN_SERVICE,1,In Service,FALSE,19,3/5/2019 10:27
,286,K3_FULL,13007,3/5/2019 10:24,41.878724,,-87.634793,60606,Franklin St & Quincy St,,Franklin St & Quincy St,IN_SERVICE,1,In Service,FALSE,23,3/5/2019 10:27
,287,K3_FULL,13057,3/5/2019 10:23,41.880317,,-87.635185,60606,Franklin St & Monroe St,,Franklin St & Monroe St,IN_SERVICE,1,In Service,FALSE,27,3/5/2019 10:27
,288,K3_FULL,13184,3/5/2019 10:26,41.918084,Off Street,-87.643749,60614,Larrabee St & Armitage Ave,,Larrabee St & Armitage Ave,IN_SERVICE,1,In Service,FALSE,15,3/5/2019 10:27
,289,K3_FULL,13182,3/5/2019 10:26,41.912133,,-87.634656,60614,Wells St & Concord Ln,Wells St & Concord Ln,Wells St & Concord Ln,IN_SERVICE,1,In Service,FALSE,19,3/5/2019 10:27
,290,K3_FULL,13292,3/5/2019 10:23,41.921525,,-87.707322,60647,Kedzie Ave & Palmer Ct,,Kedzie Ave & Palmer Ct,IN_SERVICE,1,In Service,FALSE,15,3/5/2019 10:27
,291,K3_FULL,13302,3/5/2019 10:24,41.906724,,-87.63483,60610,Wells St & Evergreen Ave,,Wells St & Evergreen Ave,IN_SERVICE,1,In Service,FALSE,19,3/5/2019 10:27
,292,K3_FULL,13317,3/5/2019 10:25,41.957081,,-87.664199,60613,Southport Ave & Clark St,,Southport Ave & Clark St,IN_SERVICE,1,In Service,FALSE,11,3/5/2019 10:27
,293,K3_FULL,13074,3/5/2019 10:26,41.965221,,-87.658139,60640,Broadway & Wilson Ave,,Broadway & Wilson Ave,IN_SERVICE,1,In Service,FALSE,23,3/5/2019 10:27
,294,K3_FULL,13109,3/5/2019 10:24,41.978353,,-87.659753,60640,Broadway & Berwyn Ave,,Broadway & Berwyn Ave,IN_SERVICE,1,In Service,FALSE,15,3/5/2019 10:27
,295,K3_FULL,13108,3/5/2019 10:24,41.973815,,-87.65966,60640,Broadway & Argyle St,,Broadway & Argyle St,IN_SERVICE,1,In Service,FALSE,19,3/5/2019 10:27
,296,K3_FULL,13277,3/5/2019 10:23,41.940106,,-87.645451,60634,Broadway & Belmont Ave,,Broadway & Belmont Ave,IN_SERVICE,1,In Service,FALSE,19,3/5/2019 10:27
,297,K3_FULL,13250,3/5/2019 10:25,41.961507,,-87.671387,60613,Paulina St & Montrose Ave,,Paulina St & Montrose Ave,IN_SERVICE,1,In Service,FALSE,15,3/5/2019 10:27
,298,K3_FULL,13252,3/5/2019 10:24,41.955927,,-87.679259,60618,Lincoln Ave & Belle Plaine Ave,,Lincoln Ave & Belle Plaine Ave,IN_SERVICE,1,In Service,FALSE,15,3/5/2019 10:27
,299,K3_FULL,13127,3/5/2019 10:23,41.94367,,-87.64895,60657,Halsted St & Roscoe St,,Halsted St & Roscoe St,IN_SERVICE,1,In Service,FALSE,15,3/5/2019 10:27
,300,K3_FULL,13137,3/5/2019 10:23,41.937725,,-87.644095,60657,Broadway & Barry Ave,,Broadway & Barry Ave,IN_SERVICE,1,In Service,FALSE,19,3/5/2019 10:27
,301,K3_FULL,13200,3/5/2019 10:23,41.907993,,-87.631501,60610,Clark St & Schiller St,,Clark St & Schiller St,IN_SERVICE,1,In Service,FALSE,19,3/5/2019 10:27
,302,K3_FULL,13211,3/5/2019 10:25,41.928712,,-87.653833,60614,Sheffield Ave & Wrightwood Ave,,Sheffield Ave & Wrightwood Ave,IN_SERVICE,1,In Service,FALSE,31,3/5/2019 10:27
,303,K3_FULL,13278,3/5/2019 10:27,41.945529,,-87.646439,60613,Broadway & Cornelia Ave,,Broadway & Cornelia Ave,IN_SERVICE,1,In Service,FALSE,23,3/5/2019 10:27
,304,K3_FULL,13325,3/5/2019 10:25,41.949074,,-87.648636,60613,Broadway & Waveland Ave,,Broadway & Waveland Ave,IN_SERVICE,1,In Service,FALSE,15,3/5/2019 10:27
,305,K3_FULL,13241,3/5/2019 10:24,41.902893,,-87.687275,60622,Western Ave & Division St,,Western Ave & Division St,IN_SERVICE,1,In Service,FALSE,23,3/5/2019 10:27
,306,K3_FULL,13374,3/5/2019 10:26,41.958494,,-87.654966,60613,Sheridan Rd & Buena Ave,,Sheridan Rd & Buena Ave,IN_SERVICE,1,In Service,FALSE,19,3/5/2019 10:27
,307,K3_FULL,13186,3/5/2019 10:24,41.920771,,-87.663712,60614,Southport Ave & Clybourn Ave,,Southport Ave & Clybourn Ave,IN_SERVICE,1,In Service,FALSE,15,3/5/2019 10:27
,308,K3_FULL,13144,3/5/2019 10:22,41.943403,,-87.679618,60618,Seeley Ave & Roscoe St,,Seeley Ave & Roscoe St,IN_SERVICE,1,In Service,FALSE,11,3/5/2019 10:27
,309,K3_FULL,13286,3/5/2019 10:24,41.917805,,-87.682437,60647,Leavitt St & Armitage Ave,,Leavitt St & Armitage Ave,IN_SERVICE,1,In Service,FALSE,11,3/5/2019 10:27
,310,K3_FULL,13288,3/5/2019 10:25,41.920082,,-87.677855,60647,Damen Ave & Charleston St,,Damen Ave & Charleston St,IN_SERVICE,1,In Service,FALSE,11,3/5/2019 10:27
,311,K3_FULL,13237,3/5/2019 10:23,41.968885,,-87.684001,60625,Leavitt St & Lawrence Ave,,Leavitt St & Lawrence Ave,IN_SERVICE,1,In Service,FALSE,18,3/5/2019 10:27
,312,K3_FULL,13379,3/5/2019 10:25,41.957879,,-87.649519,60613,Clarendon Ave & Gordon Ter,,Clarendon Ave & Gordon Ter,IN_SERVICE,1,In Service,FALSE,15,3/5/2019 10:27
,313,K3_FULL,13147,3/5/2019 10:25,41.925858,,-87.638973,60614,Lakeview Ave & Fullerton Pkwy,,Lakeview Ave & Fullerton Pkwy,IN_SERVICE,1,In Service,FALSE,19,3/5/2019 10:27
,314,K3_FULL,13251,3/5/2019 10:25,41.957921,,-87.673567,60613,Ravenswood Ave & Berteau Ave,,Ravenswood Ave & Berteau Ave,IN_SERVICE,1,In Service,FALSE,15,3/5/2019 10:27
,315,K3_FULL,13255,3/5/2019 10:23,41.912919,,-87.664169,60642,Elston Ave & Wabansia Ave,Formerly Leavitt St & Hirsch St,Elston Ave & Wabansia Ave,IN_SERVICE,1,In Service,FALSE,23,3/5/2019 10:27
,316,K3_FULL,13315,3/5/2019 10:26,41.96325,,-87.679258,60625,Damen Ave & Sunnyside Ave,,Damen Ave & Sunnyside Ave,IN_SERVICE,1,In Service,FALSE,19,3/5/2019 10:27
,317,K3_FULL,13285,3/5/2019 10:24,41.869154,,-87.671045,60612,Wood St & Taylor St,,Wood St & Taylor St,IN_SERVICE,1,In Service,FALSE,23,3/5/2019 10:27
,318,K3_FULL,13321,3/5/2019 10:24,41.954177,,-87.664358,60613,Southport Ave & Irving Park Rd,,Southport Ave & Irving Park Rd,IN_SERVICE,1,In Service,FALSE,15,3/5/2019 10:27
,319,K3_FULL,13294,3/5/2019 10:24,41.932595,,-87.665939,60657,Greenview Ave & Diversey Pkwy,,Greenview Ave & Diversey Pkwy,IN_SERVICE,1,In Service,FALSE,15,3/5/2019 10:27
,320,K3_FULL,13332,3/5/2019 10:26,41.872187,,-87.661501,60607,Loomis St & Lexington St,,Loomis St & Lexington St,IN_SERVICE,1,In Service,FALSE,19,3/5/2019 10:27
,321,K3_FULL,13054,3/5/2019 10:24,41.870769,,-87.625734,60605,Wabash Ave & 9th St,Reloc from Wabash & 8th,Wabash Ave & 9th St,IN_SERVICE,1,In Service,FALSE,18,3/5/2019 10:27
,322,K3_FULL,13397,3/5/2019 10:26,41.799568,,-87.594747,60615,Kimbark Ave & 53rd St,,Kimbark Ave & 53rd St,IN_SERVICE,1,In Service,FALSE,19,3/5/2019 10:27
,323,K3_FULL,13384,3/5/2019 10:23,41.969517,,-87.654691,60640,Sheridan Rd & Lawrence Ave,,Sheridan Rd & Lawrence Ave,IN_SERVICE,1,In Service,FALSE,19,3/5/2019 10:27
,324,K3_FULL,13276,3/5/2019 10:25,41.93132,,-87.638742,60614,Stockton Dr & Wrightwood Ave,,Stockton Dr & Wrightwood Ave,IN_SERVICE,1,In Service,FALSE,15,3/5/2019 10:27
,325,K3_FULL,13392,3/5/2019 10:26,41.973255,,-87.6697,60640,Clark St & Winnemac Ave (Temp),,Clark St & Winnemac Ave (Temp),IN_SERVICE,1,In Service,FALSE,19,3/5/2019 10:27
,326,K3_FULL,13239,3/5/2019 10:24,41.967096,,-87.667429,60640,Clark St & Leland Ave,,Clark St & Leland Ave,IN_SERVICE,1,In Service,FALSE,19,3/5/2019 10:27
,327,K3_FULL,13188,3/5/2019 10:25,41.92154,,-87.653818,60614,Sheffield Ave & Webster Ave,,Sheffield Ave & Webster Ave,IN_SERVICE,1,In Service,FALSE,19,3/5/2019 10:27
,328,K3_FULL,13365,3/5/2019 10:24,41.788746,,-87.601334,60637,Ellis Ave & 58th St,,Ellis Ave & 58th St,IN_SERVICE,1,In Service,FALSE,19,3/5/2019 10:27
,329,K3_FULL,13347,3/5/2019 10:23,41.932588,,-87.636427,60657,Lake Shore Dr & Diversey Pkwy,,Lake Shore Dr & Diversey Pkwy,IN_SERVICE,1,In Service,FALSE,23,3/5/2019 10:27
,330,K3_FULL,13077,3/5/2019 10:26,41.946176,,-87.673308,60657,Lincoln Ave & Addison St,,Lincoln Ave & Addison St,IN_SERVICE,1,In Service,FALSE,19,3/5/2019 10:27
,331,K3_FULL,13176,3/5/2019 10:25,41.909668,,-87.648128,60642,Halsted St & Clybourn Ave (*),,Halsted St & Clybourn Ave (*),IN_SERVICE,1,In Service,FALSE,28,3/5/2019 10:27
,332,K3_FULL,13208,3/5/2019 10:26,41.93314,,-87.64776,60657,Burling St (Halsted) & Diversey Pkwy (Temp),,Burling St (Halsted) & Diversey Pkwy (Temp),IN_SERVICE,1,In Service,FALSE,19,3/5/2019 10:27
,333,K3_FULL,13224,3/5/2019 10:25,41.907066,,-87.667252,60622,Ashland Ave & Blackhawk St,,Ashland Ave & Blackhawk St,IN_SERVICE,1,In Service,FALSE,15,3/5/2019 10:27
,334,K3_FULL,13233,3/5/2019 10:24,41.940775,,-87.639192,60657,Lake Shore Dr & Belmont Ave,,Lake Shore Dr & Belmont Ave,IN_SERVICE,1,In Service,FALSE,19,3/5/2019 10:27
,335,K3_FULL,13345,3/5/2019 10:23,41.831379,,-87.618034,60616,Calumet Ave & 35th St,,Calumet Ave & 35th St,IN_SERVICE,1,In Service,FALSE,15,3/5/2019 10:27
,336,K3_FULL,13422,3/5/2019 10:25,41.809855,Off Street,-87.606755,60653,Cottage Grove Ave & 47th St,,Cottage Grove Ave & 47th St,IN_SERVICE,1,In Service,FALSE,14,3/5/2019 10:27
,337,K3_FULL,13303,3/5/2019 10:26,41.896544,,-87.630931,60654,Clark St & Chicago Ave,,Clark St & Chicago Ave,IN_SERVICE,1,In Service,FALSE,19,3/5/2019 10:27
,338,K3_FULL,13102,3/5/2019 10:24,41.857611,,-87.619407,60616,Calumet Ave & 18th St,,Calumet Ave & 18th St,IN_SERVICE,1,In Service,FALSE,15,3/5/2019 10:27
,339,K3_FULL,13404,3/5/2019 10:25,41.838198,,-87.645143,60616,Emerald Ave & 31st St,,Emerald Ave & 31st St,IN_SERVICE,1,In Service,FALSE,11,3/5/2019 10:27
,340,K3_FULL,13209,3/5/2019 10:23,41.929546,,-87.643118,60614,Clark St & Wrightwood Ave,,Clark St & Wrightwood Ave,IN_SERVICE,1,In Service,FALSE,15,3/5/2019 10:27
,341,K3_FULL,13431,3/5/2019 10:23,41.866095,Off Street,-87.607267,60605,Adler Planetarium,,Adler Planetarium,IN_SERVICE,1,In Service,FALSE,39,3/5/2019 10:27
,342,K3_FULL,13284,3/5/2019 10:24,41.871262,,-87.673688,60612,Wolcott Ave & Polk St,,Wolcott Ave & Polk St,IN_SERVICE,1,In Service,FALSE,23,3/5/2019 10:27
,343,K3_FULL,13297,3/5/2019 10:24,41.928887,,-87.658971,60614,Racine Ave & Wrightwood Ave,,Racine Ave & Wrightwood Ave,IN_SERVICE,1,In Service,FALSE,15,3/5/2019 10:27
,344,K3_FULL,13026,3/5/2019 10:23,41.96909,,-87.674237,60640,Ravenswood Ave & Lawrence Ave,,Ravenswood Ave & Lawrence Ave,IN_SERVICE,1,In Service,FALSE,47,3/5/2019 10:27
,345,K3_FULL,13119,3/5/2019 10:24,41.793242,,-87.587782,60637,Lake Park Ave & 56th St,,Lake Park Ave & 56th St,IN_SERVICE,1,In Service,FALSE,19,3/5/2019 10:27
,346,K3_FULL,13353,3/5/2019 10:24,41.88283,,-87.661206,60607,Ada St & Washington Blvd,,Ada St & Washington Blvd,IN_SERVICE,1,In Service,FALSE,15,3/5/2019 10:27
,347,K3_FULL,13319,3/5/2019 10:26,41.950687,,-87.6687,60613,Ashland Ave & Grace St,,Ashland Ave & Grace St,IN_SERVICE,1,In Service,FALSE,15,3/5/2019 10:27
,348,K3_FULL,13096,3/5/2019 10:25,41.854016,,-87.695445,60608,California Ave & 21st St,,California Ave & 21st St,IN_SERVICE,1,In Service,FALSE,15,3/5/2019 10:27
,349,K3_FULL,13210,3/5/2019 10:24,41.929143,,-87.649077,60614,Halsted St & Wrightwood Ave,,Halsted St & Wrightwood Ave,IN_SERVICE,1,In Service,FALSE,15,3/5/2019 10:27
,350,K3_FULL,13247,3/5/2019 10:23,41.895966,,-87.667747,60622,Ashland Ave & Chicago Ave,,Ashland Ave & Chicago Ave,IN_SERVICE,1,In Service,FALSE,15,3/5/2019 10:27
,351,K3_FULL,13440,3/5/2019 10:25,41.803038,Off Street,-87.606615,60615,Cottage Grove Ave & 51st St,,Cottage Grove Ave & 51st St,IN_SERVICE,1,In Service,FALSE,15,3/5/2019 10:27
,352,K3_FULL,15493,3/5/2019 10:24,41.77351755,,-87.57714283,60649,Jeffery Blvd & 67th St,,Jeffery Blvd & 67th St,IN_SERVICE,1,In Service,FALSE,11,3/5/2019 10:27
,353,K3_FULL,15561,3/5/2019 10:26,42.01256012,,-87.67436712,60626,Clark St & Touhy Ave,,Clark St & Touhy Ave,IN_SERVICE,1,In Service,FALSE,15,3/5/2019 10:27
,354,K3_FULL,15562,3/5/2019 10:23,42.01058656,,-87.66241209,60626,Sheridan Rd & Greenleaf Ave,,Sheridan Rd & Greenleaf Ave,IN_SERVICE,1,In Service,FALSE,15,3/5/2019 10:27
,355,K3_FULL,15494,3/5/2019 10:26,41.773643,,-87.567514,60649,South Shore Dr & 67th St,,South Shore Dr & 67th St,IN_SERVICE,1,In Service,FALSE,15,3/5/2019 10:27
,356,K3_FULL,15495,3/5/2019 10:23,41.76649294,,-87.58646088,60649,Stony Island Ave & 71st St,,Stony Island Ave & 71st St,IN_SERVICE,1,In Service,FALSE,11,3/5/2019 10:27
,359,K3_FULL,15524,3/5/2019 10:25,41.90348607,,-87.64335349,60610,Larrabee St & Division St,,Larrabee St & Division St,IN_SERVICE,1,In Service,FALSE,23,3/5/2019 10:27
,364,K3_FULL,15527,3/5/2019 10:24,41.90021949,,-87.64298547,60610,Larrabee St & Oak St,,Larrabee St & Oak St,IN_SERVICE,1,In Service,FALSE,19,3/5/2019 10:27
,365,K3_FULL,15528,3/5/2019 10:25,41.89936844,,-87.64847988,60642,Halsted St & North Branch St,,Halsted St & North Branch St,IN_SERVICE,1,In Service,FALSE,15,3/5/2019 10:27
,366,K3_FULL,15441,3/5/2019 10:24,41.84163254,,-87.65743495,60608,Loomis St & Archer Ave,,Loomis St & Archer Ave,IN_SERVICE,1,In Service,FALSE,11,3/5/2019 10:27
,367,K3_FULL,15446,3/5/2019 10:25,41.83069611,,-87.65597591,60609,Racine Ave & 35th St,,Racine Ave & 35th St,IN_SERVICE,1,In Service,FALSE,15,3/5/2019 10:27
,368,K3_FULL,15442,3/5/2019 10:25,41.83920868,,-87.66560986,60608,Ashland Ave & Archer Ave,,Ashland Ave & Archer Ave,IN_SERVICE,1,In Service,FALSE,15,3/5/2019 10:27
,369,K3_FULL,15694,3/5/2019 10:23,41.83010465,NA1,-87.67029831,60609,Wood St & 35th St,,Wood St & 35th St,IN_SERVICE,1,In Service,FALSE,11,3/5/2019 10:27
,370,K3_FULL,15546,3/5/2019 10:23,41.85418425,,-87.61915374,60616,Calumet Ave & 21st St,,Calumet Ave & 21st St,IN_SERVICE,1,In Service,FALSE,15,3/5/2019 10:27
,373,K3_FULL,15661,3/5/2019 10:26,41.8954653,,-87.70612788,60622,Kedzie Ave & Chicago Ave,,Kedzie Ave & Chicago Ave,IN_SERVICE,1,In Service,FALSE,11,3/5/2019 10:27
,374,K3_FULL,15662,3/5/2019 10:24,41.89841769,,-87.68659602,60622,Western Ave & Walton St,,Western Ave & Walton St,IN_SERVICE,1,In Service,FALSE,23,3/5/2019 10:27
,375,K3_FULL,15663,3/5/2019 10:23,41.889727,,-87.70103,60612,Sacramento Blvd & Franklin Blvd,,Sacramento Blvd & Franklin Blvd,IN_SERVICE,1,In Service,FALSE,11,3/5/2019 10:27
,376,K3_FULL,15664,3/5/2019 10:23,41.88949182,,-87.68821936,60612,Artesian Ave & Hubbard St,,Artesian Ave & Hubbard St,IN_SERVICE,1,In Service,FALSE,35,3/5/2019 10:27
,377,K3_FULL,15665,3/5/2019 10:24,41.88460329,,-87.70630374,60612,Kedzie Ave & Lake St,,Kedzie Ave & Lake St,IN_SERVICE,1,In Service,FALSE,15,3/5/2019 10:27
,378,K3_FULL,15666,3/5/2019 10:26,41.88445396,,-87.69629814,606012,California Ave & Lake St,,California Ave & Lake St,IN_SERVICE,1,In Service,FALSE,11,3/5/2019 10:27
,381,K3_FULL,15667,3/5/2019 10:25,41.87978771,,-87.68611281,60612,Western Ave & Monroe St,,Western Ave & Monroe St,IN_SERVICE,1,In Service,FALSE,15,3/5/2019 10:27
,382,K3_FULL,15668,3/5/2019 10:27,41.87474885,,-87.68644528,606012,Western Ave & Congress Pkwy,,Western Ave & Congress Pkwy,IN_SERVICE,1,In Service,FALSE,19,3/5/2019 10:27
,383,K3_FULL,15669,3/5/2019 10:26,41.874291,,-87.667246,60612,Ashland Ave & Harrison St,,Ashland Ave & Harrison St,IN_SERVICE,1,In Service,FALSE,23,3/5/2019 10:27
,384,K3_FULL,15591,3/5/2019 10:26,41.80183164,,-87.6452139,60609,Halsted St & 51st St,,Halsted St & 51st St,IN_SERVICE,1,In Service,FALSE,11,3/5/2019 10:27
,385,K3_FULL,15592,3/5/2019 10:25,41.794982,,-87.633124,60609,Princeton Ave & Garfield Blvd,,Princeton Ave & Garfield Blvd,IN_SERVICE,1,In Service,FALSE,11,3/5/2019 10:27
,386,K3_FULL,15593,3/5/2019 10:25,41.79292965,,-87.64499006,60621,Halsted St & 56th St,,Halsted St & 56th St,IN_SERVICE,1,In Service,FALSE,11,3/5/2019 10:27
,388,K3_FULL,15595,3/5/2019 10:25,41.77938114,,-87.64462081,60621,Halsted St & 63rd St,,Halsted St & 63rd St,IN_SERVICE,1,In Service,FALSE,11,3/5/2019 10:27
,390,K3_FULL,15596,3/5/2019 10:23,41.78007963,,-87.62974631,60621,Wentworth Ave & 63rd St,,Wentworth Ave & 63rd St,IN_SERVICE,1,In Service,FALSE,11,3/5/2019 10:27
,391,K3_FULL,15597,3/5/2019 10:25,41.76906172,,-87.64461358,60621,Halsted St & 69th St,,Halsted St & 69th St,IN_SERVICE,1,In Service,FALSE,11,3/5/2019 10:27
,392,K3_FULL,15598,3/5/2019 10:23,41.76929309,,-87.62819593,60621,Perry Ave & 69th St,,Perry Ave & 69th St,IN_SERVICE,1,In Service,FALSE,11,3/5/2019 10:27
,393,K3_FULL,15599,3/5/2019 10:23,41.76550801,,-87.61691793,60619,Calumet Ave & 71st St,,Calumet Ave & 71st St,IN_SERVICE,1,In Service,FALSE,11,3/5/2019 10:27
,394,K3_FULL,15551,3/5/2019 10:24,41.870816,,-87.631246,60605,Clark St & 9th St (AMLI),,Clark St & 9th St (AMLI),IN_SERVICE,1,In Service,FALSE,15,3/5/2019 10:27
,395,K3_FULL,15499,3/5/2019 10:26,41.75712007,,-87.57583936,60649,Jeffery Blvd & 76th St,,Jeffery Blvd & 76th St,IN_SERVICE,1,In Service,FALSE,10,3/5/2019 10:27
,396,K3_FULL,15500,3/5/2019 10:24,41.758768,,-87.56644,60649,Yates Blvd & 75th St,,Yates Blvd & 75th St,IN_SERVICE,1,In Service,FALSE,11,3/5/2019 10:27
,398,K3_FULL,15502,3/5/2019 10:27,41.75787145,,-87.54938625,60649,Rainbow Beach,,Rainbow Beach,IN_SERVICE,1,In Service,FALSE,15,3/5/2019 10:27
,399,K3_FULL,15506,3/5/2019 10:23,41.76218896,,-87.55927465,60649,South Shore Dr & 74th St,,South Shore Dr & 74th St,IN_SERVICE,1,In Service,FALSE,11,3/5/2019 10:27
,400,K3_FULL,15507,3/5/2019 10:25,41.76571904,,-87.60495971,60619,Cottage Grove Ave & 71st St,,Cottage Grove Ave & 71st St,IN_SERVICE,1,In Service,FALSE,11,3/5/2019 10:27
,401,K3_FULL,15443,3/5/2019 10:26,41.842733,,-87.635491,60616,Shields Ave & 28th Pl,,Shields Ave & 28th Pl,IN_SERVICE,1,In Service,FALSE,11,3/5/2019 10:27
,402,K3_FULL,15444,3/5/2019 10:27,41.838464,,-87.635406,60616,Shields Ave & 31st St,,Shields Ave & 31st St,IN_SERVICE,1,In Service,FALSE,15,3/5/2019 10:27
,403,K3_FULL,15445,3/5/2019 10:26,41.83452989,,-87.63182298,60616,Wentworth Ave & 33rd St,,Wentworth Ave & 33rd St,IN_SERVICE,1,In Service,FALSE,15,3/5/2019 10:27
,405,K3_FULL,15447,3/5/2019 10:24,41.830777,,-87.632504,60616,Wentworth Ave & 35th St,,Wentworth Ave & 35th St,IN_SERVICE,1,In Service,FALSE,15,3/5/2019 10:27
,406,K3_FULL,15448,3/5/2019 10:27,41.83127424,,-87.60879919,60616,Lake Park Ave & 35th St,,Lake Park Ave & 35th St,IN_SERVICE,1,In Service,FALSE,19,3/5/2019 10:27
,407,K3_FULL,15449,3/5/2019 10:22,41.82301524,,-87.62656802,60609,State St & Pershing Rd,,State St & Pershing Rd,IN_SERVICE,1,In Service,FALSE,11,3/5/2019 10:27
,408,K3_FULL,15450,3/5/2019 10:24,41.819102,,-87.643278,60609,Union Ave & Root St,,Union Ave & Root St,IN_SERVICE,1,In Service,FALSE,11,3/5/2019 10:27
,409,K3_FULL,15451,3/5/2019 10:27,41.81620768,,-87.63481935,60609,Shields Ave & 43rd St,,Shields Ave & 43rd St,IN_SERVICE,1,In Service,FALSE,11,3/5/2019 10:27
,410,K3_FULL,15452,3/5/2019 10:26,41.81665889,,-87.61941246,60653,Prairie Ave & 43rd St,,Prairie Ave & 43rd St,IN_SERVICE,1,In Service,FALSE,15,3/5/2019 10:27
,411,K3_FULL,15453,3/5/2019 10:27,41.80813391,,-87.64561655,60609,Halsted St & 47th Pl,,Halsted St & 47th Pl,IN_SERVICE,1,In Service,FALSE,11,3/5/2019 10:27
,412,K3_FULL,15454,3/5/2019 10:23,41.80931771,,-87.63344929,60609,Princeton Ave & 47th St,,Princeton Ave & 47th St,IN_SERVICE,1,In Service,FALSE,11,3/5/2019 10:27
,413,K3_FULL,15455,3/5/2019 10:25,41.81409271,,-87.59700515,60653,Woodlawn Ave & Lake Park Ave,,Woodlawn Ave & Lake Park Ave,IN_SERVICE,1,In Service,FALSE,15,3/5/2019 10:27
,414,K3_FULL,15550,3/5/2019 10:22,41.870257,,-87.639474,60607,Canal St & Taylor St,990 S Canal St,Canal St & Taylor St,IN_SERVICE,1,In Service,FALSE,15,3/5/2019 10:27
,415,K3_FULL,15470,3/5/2019 10:23,41.80229465,,-87.61805358,60615,Calumet Ave & 51st St,,Calumet Ave & 51st St,IN_SERVICE,1,In Service,FALSE,11,3/5/2019 10:27
,416,K3_FULL,15471,3/5/2019 10:24,41.805772,,-87.592464,60615,Dorchester Ave & 49th St,,Dorchester Ave & 49th St,IN_SERVICE,1,In Service,FALSE,15,3/5/2019 10:27
,417,K3_FULL,15472,3/5/2019 10:25,41.802406,,-87.586924,60615,Cornell Ave & Hyde Park Blvd,,Cornell Ave & Hyde Park Blvd,IN_SERVICE,1,In Service,FALSE,19,3/5/2019 10:27
,418,K3_FULL,15473,3/5/2019 10:22,41.79933626,,-87.60095811,60615,Ellis Ave & 53rd St,,Ellis Ave & 53rd St,IN_SERVICE,1,In Service,FALSE,11,3/5/2019 10:27
,419,K3_FULL,15474,3/5/2019 10:25,41.79949429,,-87.5864499,60615,Lake Park Ave & 53rd St,,Lake Park Ave & 53rd St,IN_SERVICE,1,In Service,FALSE,15,3/5/2019 10:27
,420,K3_FULL,15475,3/5/2019 10:24,41.79430062,,-87.60144977,60637,Ellis Ave & 55th St,,Ellis Ave & 55th St,IN_SERVICE,1,In Service,FALSE,19,3/5/2019 10:27
,421,K3_FULL,15476,3/5/2019 10:23,41.79342946,,-87.61585326,60637,MLK Jr Dr & 56th St (*),,MLK Jr Dr & 56th St (*),IN_SERVICE,1,In Service,FALSE,12,3/5/2019 10:27
,422,K3_FULL,15477,3/5/2019 10:23,41.79156801,,-87.60785218,60637,DuSable Museum,,DuSable Museum,IN_SERVICE,1,In Service,FALSE,11,3/5/2019 10:27
,423,K3_FULL,15478,3/5/2019 10:24,41.791478,Off Street,-87.599861,60637,University Ave & 57th St,,University Ave & 57th St,IN_SERVICE,1,In Service,FALSE,31,3/5/2019 10:27
,424,K3_FULL,15479,3/5/2019 10:27,41.79172821,,-87.58394501,60637,Museum of Science and Industry,,Museum of Science and Industry,IN_SERVICE,1,In Service,FALSE,27,3/5/2019 10:27
,425,K3_FULL,15480,3/5/2019 10:24,41.78794281,,-87.58831517,60637,Harper Ave & 59th St,,Harper Ave & 59th St,IN_SERVICE,1,In Service,FALSE,15,3/5/2019 10:27
,426,K3_FULL,15481,3/5/2019 10:24,41.78509715,,-87.60107276,60637,Ellis Ave & 60th St,,Ellis Ave & 60th St,IN_SERVICE,1,In Service,FALSE,19,3/5/2019 10:27
,427,K3_FULL,15482,3/5/2019 10:23,41.78059901,,-87.60611239,60637,Cottage Grove Ave & 63rd St,,Cottage Grove Ave & 63rd St,IN_SERVICE,1,In Service,FALSE,15,3/5/2019 10:27
,428,K3_FULL,15484,3/5/2019 10:25,41.78040565,,-87.59141599,606037,Dorchester Ave & 63rd St,,Dorchester Ave & 63rd St,IN_SERVICE,1,In Service,FALSE,11,3/5/2019 10:27
,429,K3_FULL,15485,3/5/2019 10:24,41.77372095,,-87.60563486,60637,Cottage Grove Ave & 67th St,,Cottage Grove Ave & 67th St,IN_SERVICE,1,In Service,FALSE,11,3/5/2019 10:27
,430,K3_FULL,15486,3/5/2019 10:24,41.78008064,,-87.61594286,60637,MLK Jr Dr & 63rd St,,MLK Jr Dr & 63rd St,IN_SERVICE,1,In Service,FALSE,11,3/5/2019 10:27
,431,K3_FULL,15487,3/5/2019 10:26,41.78414169,,-87.61330783,60637,Eberhart Ave & 61st St,,Eberhart Ave & 61st St,IN_SERVICE,1,In Service,FALSE,11,3/5/2019 10:27
,432,K3_FULL,15563,3/5/2019 10:26,42.009074,,-87.67419,60626,Clark St & Lunt Ave,,Clark St & Lunt Ave,IN_SERVICE,1,In Service,FALSE,19,3/5/2019 10:27
,433,K3_FULL,15680,3/5/2019 10:25,41.87359967,,-87.70487075,60612,Kedzie Ave & Harrison St,,Kedzie Ave & Harrison St,IN_SERVICE,1,In Service,FALSE,11,3/5/2019 10:27
,434,K3_FULL,15681,3/5/2019 10:25,41.86650148,,-87.68469707,60608,Ogden Ave & Roosevelt Rd,,Ogden Ave & Roosevelt Rd,IN_SERVICE,1,In Service,FALSE,19,3/5/2019 10:27
,435,K3_FULL,15682,3/5/2019 10:23,41.86649278,,-87.70649618,60624,Kedzie Ave & Roosevelt Rd,,Kedzie Ave & Roosevelt Rd,IN_SERVICE,1,In Service,FALSE,11,3/5/2019 10:27
,436,K3_FULL,15683,3/5/2019 10:26,41.866624,,-87.694521,60608,Fairfield Ave & Roosevelt Rd,,Fairfield Ave & Roosevelt Rd,IN_SERVICE,1,In Service,FALSE,11,3/5/2019 10:27
,437,K3_FULL,15684,3/5/2019 10:26,41.861894,,-87.693511,60608,Washtenaw Ave & Ogden Ave (*),,Washtenaw Ave & Ogden Ave (*),IN_SERVICE,1,In Service,FALSE,16,3/5/2019 10:27
,438,K3_FULL,15685,3/5/2019 10:25,41.85420431,,-87.71540584,60623,Central Park Ave & Ogden Ave,,Central Park Ave & Ogden Ave,IN_SERVICE,1,In Service,FALSE,15,3/5/2019 10:27
,439,K3_FULL,15686,3/5/2019 10:27,41.85353363,,-87.70507303,60623,Kedzie Ave & 21st St,,Kedzie Ave & 21st St,IN_SERVICE,1,In Service,FALSE,11,3/5/2019 10:27
,440,K3_FULL,15687,3/5/2019 10:26,41.8481,,-87.715068,60623,Central Park Ave & 24th St,,Central Park Ave & 24th St,IN_SERVICE,1,In Service,FALSE,11,3/5/2019 10:27
,441,K3_FULL,15688,3/5/2019 10:24,41.84819094,,-87.70541375,60623,Kedzie Ave & 24th St,,Kedzie Ave & 24th St,IN_SERVICE,1,In Service,FALSE,11,3/5/2019 10:27
,442,K3_FULL,15689,3/5/2019 10:24,41.84910969,,-87.69513981,60608,California Ave & 23rd Pl,,California Ave & 23rd Pl,IN_SERVICE,1,In Service,FALSE,11,3/5/2019 10:27
,443,K3_FULL,15690,3/5/2019 10:26,41.84456685,,-87.71591031,60623,Millard Ave & 26th St,,Millard Ave & 26th St,IN_SERVICE,1,In Service,FALSE,7,3/5/2019 10:27
,444,K3_FULL,15691,3/5/2019 10:24,41.84447501,,-87.70201301,60623,Albany Ave & 26th St,,Albany Ave & 26th St,IN_SERVICE,1,In Service,FALSE,11,3/5/2019 10:27
,445,K3_FULL,15692,3/5/2019 10:23,41.84404003,,-87.69529592,60608,California Ave & 26th St,,California Ave & 26th St,IN_SERVICE,1,In Service,FALSE,11,3/5/2019 10:27
,446,K3_FULL,15693,3/5/2019 10:25,41.84151771,,-87.68513144,60608,Western Ave & 28th St,,Western Ave & 28th St,IN_SERVICE,1,In Service,FALSE,11,3/5/2019 10:27
,447,K3_FULL,15564,3/5/2019 10:24,42.00797192,NA5,-87.66550239,60626,Glenwood Ave & Morse Ave,,Glenwood Ave & Morse Ave,IN_SERVICE,1,In Service,FALSE,14,3/5/2019 10:27
,448,K3_FULL,15565,3/5/2019 10:24,42.00454962,,-87.68066615,60645,Warren Park East,,Warren Park East,IN_SERVICE,1,In Service,FALSE,10,3/5/2019 10:27
,449,K3_FULL,15566,3/5/2019 10:26,42.00445063,,-87.6724024,60626,Clark St & Columbia Ave,,Clark St & Columbia Ave,IN_SERVICE,1,In Service,FALSE,15,3/5/2019 10:27
,450,K3_FULL,15567,3/5/2019 10:23,42.001785,,-87.688829,60645,Warren Park West,,Warren Park West,IN_SERVICE,1,In Service,FALSE,11,3/5/2019 10:27
,451,K3_FULL,15568,3/5/2019 10:26,42.00104378,,-87.66119824,60626,Sheridan Rd & Loyola Ave,,Sheridan Rd & Loyola Ave,IN_SERVICE,1,In Service,FALSE,23,3/5/2019 10:27
,452,K3_FULL,15569,3/5/2019 10:22,41.99416137,,-87.68943828,60659,Western Ave & Granville Ave,,Western Ave & Granville Ave,IN_SERVICE,1,In Service,FALSE,11,3/5/2019 10:27
,453,K3_FULL,15570,3/5/2019 10:23,41.99925182,,-87.67137734,60626,Clark St & Schreiber Ave,,Clark St & Schreiber Ave,IN_SERVICE,1,In Service,FALSE,15,3/5/2019 10:27
,454,K3_FULL,15571,3/5/2019 10:25,41.99477969,,-87.66028453,60660,Broadway & Granville Ave,,Broadway & Granville Ave,IN_SERVICE,1,In Service,FALSE,23,3/5/2019 10:27
,455,K3_FULL,15572,3/5/2019 10:23,41.99023603,,-87.69336964,60659,Maplewood Ave & Peterson Ave,,Maplewood Ave & Peterson Ave,IN_SERVICE,1,In Service,FALSE,11,3/5/2019 10:27
,456,K3_FULL,15573,3/5/2019 10:25,41.991178,,-87.683593,60659,2112 W Peterson Ave,,2112 W Peterson Ave,IN_SERVICE,1,In Service,FALSE,11,3/5/2019 10:27
,457,K3_FULL,15574,3/5/2019 10:26,41.990887,,-87.669758,60660,Clark St & Elmdale Ave,,Clark St & Elmdale Ave,IN_SERVICE,1,In Service,FALSE,19,3/5/2019 10:27
,458,K3_FULL,15575,3/5/2019 10:22,41.98974251,,-87.66014062,60660,Broadway & Thorndale Ave,,Broadway & Thorndale Ave,IN_SERVICE,1,In Service,FALSE,19,3/5/2019 10:27
,459,K3_FULL,15576,3/5/2019 10:27,41.9840367,,-87.65231047,60640,Lakefront Trail & Bryn Mawr Ave,,Lakefront Trail & Bryn Mawr Ave,IN_SERVICE,1,In Service,FALSE,19,3/5/2019 10:27
,460,K3_FULL,15577,3/5/2019 10:23,41.983593,,-87.669154,60660,Clark St & Bryn Mawr Ave,,Clark St & Bryn Mawr Ave,IN_SERVICE,1,In Service,FALSE,15,3/5/2019 10:27
,461,K3_FULL,15578,3/5/2019 10:25,41.98404461,,-87.66027383,60660,Broadway & Ridge Ave,,Broadway & Ridge Ave,IN_SERVICE,1,In Service,FALSE,15,3/5/2019 10:27
,462,K3_FULL,15579,3/5/2019 10:26,41.979762,,-87.67753,60640,Winchester (Ravenswood) Ave & Balmoral Ave,,Winchester (Ravenswood) Ave & Balmoral Ave,IN_SERVICE,1,In Service,FALSE,15,3/5/2019 10:27
,463,K3_FULL,15580,3/5/2019 10:26,41.97799665,,-87.6680471,60640,Clark St & Berwyn Ave,,Clark St & Berwyn Ave,IN_SERVICE,1,In Service,FALSE,19,3/5/2019 10:27
,464,K3_FULL,15581,3/5/2019 10:25,41.9756148,,-87.67945904,60625,Damen Ave & Foster Ave,,Damen Ave & Foster Ave,IN_SERVICE,1,In Service,FALSE,15,3/5/2019 10:27
,465,K3_FULL,15582,3/5/2019 10:27,41.9716,,-87.650154,60640,Marine Dr & Ainslie St,,Marine Dr & Ainslie St,IN_SERVICE,1,In Service,FALSE,23,3/5/2019 10:27
,466,K3_FULL,15583,3/5/2019 10:24,42.01213228,,-87.68291264,60645,Ridge Blvd & Touhy Ave,,Ridge Blvd & Touhy Ave,IN_SERVICE,1,In Service,FALSE,11,3/5/2019 10:27
,467,K3_FULL,15584,3/5/2019 10:23,42.0085944,,-87.69049224,60645,Western Ave & Lunt Ave,,Western Ave & Lunt Ave,IN_SERVICE,1,In Service,FALSE,15,3/5/2019 10:27
,468,K3_FULL,15585,3/5/2019 10:23,41.98366471,,-87.69642256,60659,Budlong Woods Library,,Budlong Woods Library,IN_SERVICE,1,In Service,FALSE,11,3/5/2019 10:27
,469,K3_FULL,15611,3/5/2019 10:23,41.98039423,,-87.71611496,60625,St. Louis Ave & Balmoral Ave,,St. Louis Ave & Balmoral Ave,IN_SERVICE,1,In Service,FALSE,15,3/5/2019 10:27
,470,K3_FULL,15612,3/5/2019 10:25,41.975672,,-87.709261,60625,Kedzie Ave & Foster Ave,,Kedzie Ave & Foster Ave,IN_SERVICE,1,In Service,FALSE,11,3/5/2019 10:27
,471,K3_FULL,15613,3/5/2019 10:26,41.97563273,,-87.70141944,60625,Francisco Ave & Foster Ave,,Francisco Ave & Foster Ave,IN_SERVICE,1,In Service,FALSE,15,3/5/2019 10:27
,472,K3_FULL,15614,3/5/2019 10:23,41.9749113,,-87.69250256,60625,Lincoln Ave & Winona St,,Lincoln Ave & Winona St,IN_SERVICE,1,In Service,FALSE,15,3/5/2019 10:27
,474,K3_FULL,15615,3/5/2019 10:23,41.96835449,,-87.71183067,60625,Christiana Ave & Lawrence Ave,,Christiana Ave & Lawrence Ave,IN_SERVICE,1,In Service,FALSE,15,3/5/2019 10:27
,475,K3_FULL,15616,3/5/2019 10:22,41.968987,,-87.696027,60625,Washtenaw Ave & Lawrence Ave,,Washtenaw Ave & Lawrence Ave,IN_SERVICE,1,In Service,FALSE,15,3/5/2019 10:27
,476,K3_FULL,15617,3/5/2019 10:26,41.96668636,,-87.70805198,60625,Kedzie Ave & Leland Ave,,Kedzie Ave & Leland Ave,IN_SERVICE,1,In Service,FALSE,15,3/5/2019 10:27
,477,K3_FULL,15618,3/5/2019 10:27,41.965875,,-87.700825,60625,Manor Ave & Leland Ave,,Manor Ave & Leland Ave,IN_SERVICE,1,In Service,FALSE,11,3/5/2019 10:27
,478,K3_FULL,15619,3/5/2019 10:25,41.96590014,,-87.69363849,60625,Rockwell St & Eastwood Ave,,Rockwell St & Eastwood Ave,IN_SERVICE,1,In Service,FALSE,15,3/5/2019 10:27
,479,K3_FULL,15620,3/5/2019 10:23,41.96115408,,-87.71656907,60618,Drake Ave & Montrose Ave,,Drake Ave & Montrose Ave,IN_SERVICE,1,In Service,FALSE,15,3/5/2019 10:27
,480,K3_FULL,15621,3/5/2019 10:24,41.961041,,-87.705866,60625,Albany Ave & Montrose Ave,Perm reloc of Kedzie & Montrose,Albany Ave & Montrose Ave,IN_SERVICE,1,In Service,FALSE,11,3/5/2019 10:27
,481,K3_FULL,15622,3/5/2019 10:23,41.961068,,-87.695439,60618,California Ave & Montrose Ave,,California Ave & Montrose Ave,IN_SERVICE,1,In Service,FALSE,15,3/5/2019 10:27
,482,K3_FULL,15623,3/5/2019 10:25,41.96152593,,-87.69116504,60625,Campbell Ave & Montrose Ave,,Campbell Ave & Montrose Ave,IN_SERVICE,1,In Service,FALSE,15,3/5/2019 10:27
,483,K3_FULL,15624,3/5/2019 10:27,41.953393,,-87.732002,60641,Avondale Ave & Irving Park Rd,,Avondale Ave & Irving Park Rd,IN_SERVICE,1,In Service,FALSE,19,3/5/2019 10:27
,484,K3_FULL,15625,3/5/2019 10:25,41.95400484,,-87.71912818,60618,Monticello Ave & Irving Park Rd,,Monticello Ave & Irving Park Rd,IN_SERVICE,1,In Service,FALSE,15,3/5/2019 10:27
,485,K3_FULL,15626,3/5/2019 10:26,41.95358618,,-87.7093108,60618,Sawyer Ave & Irving Park Rd,,Sawyer Ave & Irving Park Rd,IN_SERVICE,1,In Service,FALSE,15,3/5/2019 10:27
,486,K3_FULL,15627,3/5/2019 10:25,41.95434085,,-87.68607962,60618,Oakley Ave & Irving Park Rd,,Oakley Ave & Irving Park Rd,IN_SERVICE,1,In Service,FALSE,15,3/5/2019 10:27
,487,K3_FULL,15628,3/5/2019 10:26,41.95216219,,-87.69805111,60618,California Ave & Byron St,,California Ave & Byron St,IN_SERVICE,1,In Service,FALSE,19,3/5/2019 10:27
,488,K3_FULL,15629,3/5/2019 10:24,41.946264,,-87.731023,60641,Pulaski Rd & Eddy St (Temp),,Pulaski Rd & Eddy St (Temp),IN_SERVICE,1,In Service,FALSE,11,3/5/2019 10:27
,489,K3_FULL,15630,3/5/2019 10:23,41.947326,Central Park Ave & Addison St,-87.717582,60618,Drake Ave & Addison St,,Drake Ave & Addison St,IN_SERVICE,1,In Service,FALSE,15,3/5/2019 10:27
,490,K3_FULL,15631,3/5/2019 10:24,41.94524357,,-87.7066499,60618,Troy St & Elston Ave,,Troy St & Elston Ave,IN_SERVICE,1,In Service,FALSE,15,3/5/2019 10:27
,491,K3_FULL,15632,3/5/2019 10:25,41.94663583,,-87.69461476,60618,Talman Ave & Addison St,,Talman Ave & Addison St,IN_SERVICE,1,In Service,FALSE,15,3/5/2019 10:27
,492,K3_FULL,15633,3/5/2019 10:26,41.946655,,-87.683359,60618,Leavitt St & Addison St,,Leavitt St & Addison St,IN_SERVICE,1,In Service,FALSE,15,3/5/2019 10:27
,493,K3_FULL,15634,3/5/2019 10:24,41.943034,,-87.687288,60618,Western Ave & Roscoe St,,Western Ave & Roscoe St,IN_SERVICE,1,In Service,FALSE,11,3/5/2019 10:27
,494,K3_FULL,15635,3/5/2019 10:23,41.98239708,,-87.70892252,60625,Kedzie Ave & Bryn Mawr Ave,,Kedzie Ave & Bryn Mawr Ave,IN_SERVICE,1,In Service,FALSE,15,3/5/2019 10:27
,495,K3_FULL,15636,3/5/2019 10:25,41.96110802,,-87.7289701,60630,Keystone Ave & Montrose Ave,,Keystone Ave & Montrose Ave,IN_SERVICE,1,In Service,FALSE,11,3/5/2019 10:27
,496,K3_FULL,15640,3/5/2019 10:27,41.939408,,-87.723574,60618,Avers Ave & Belmont Ave,,Avers Ave & Belmont Ave,IN_SERVICE,1,In Service,FALSE,11,3/5/2019 10:27
,497,K3_FULL,15641,3/5/2019 10:26,41.939398,,-87.711561,60618,Kimball Ave & Belmont Ave,,Kimball Ave & Belmont Ave,IN_SERVICE,1,In Service,FALSE,15,3/5/2019 10:27
,498,K3_FULL,15642,3/5/2019 10:23,41.93842879,,-87.69800776,60618,California Ave & Fletcher St,,California Ave & Fletcher St,IN_SERVICE,1,In Service,FALSE,19,3/5/2019 10:27
,499,K3_FULL,15643,3/5/2019 10:23,41.93058537,,-87.72377736,60647,Kosciuszko Park,,Kosciuszko Park,IN_SERVICE,1,In Service,FALSE,15,3/5/2019 10:27
,500,K3_FULL,15644,3/5/2019 10:26,41.93533728,,-87.71688929,60618,Central Park Ave & Elbridge Ave,,Central Park Ave & Elbridge Ave,IN_SERVICE,1,In Service,FALSE,15,3/5/2019 10:27
,501,K3_FULL,15645,3/5/2019 10:25,41.93190197,,-87.70119513,60647,Richmond St & Diversey Ave,,Richmond St & Diversey Ave,IN_SERVICE,1,In Service,FALSE,15,3/5/2019 10:27
,502,K3_FULL,15646,3/5/2019 10:24,41.92669,,-87.697668,60647,California Ave & Altgeld St,,California Ave & Altgeld St,IN_SERVICE,1,In Service,FALSE,15,3/5/2019 10:27
,503,K3_FULL,15647,3/5/2019 9:02,41.92439882,,-87.71544104,60647,Drake Ave & Fullerton Ave,,Drake Ave & Fullerton Ave,IN_SERVICE,1,In Service,FALSE,15,3/5/2019 10:27
,504,K3_FULL,15648,3/5/2019 10:26,41.92463247,,-87.68930701,60647,Campbell Ave & Fullerton Ave,,Campbell Ave & Fullerton Ave,IN_SERVICE,1,In Service,FALSE,15,3/5/2019 10:27
,505,K3_FULL,15649,3/5/2019 10:25,41.92409085,,-87.67646007,60614,Winchester Ave & Elston Ave,,Winchester Ave & Elston Ave,IN_SERVICE,1,In Service,FALSE,15,3/5/2019 10:27
,506,K3_FULL,15650,3/5/2019 10:26,41.91718375,,-87.71035665,60647,Spaulding Ave & Armitage Ave,,Spaulding Ave & Armitage Ave,IN_SERVICE,1,In Service,FALSE,15,3/5/2019 10:27
,507,K3_FULL,15651,3/5/2019 10:23,41.91751339,,-87.70180896,60647,Humboldt Blvd & Armitage Ave,,Humboldt Blvd & Armitage Ave,IN_SERVICE,1,In Service,FALSE,19,3/5/2019 10:27
,508,K3_FULL,15652,3/5/2019 10:24,41.90965688,,-87.71663195,60647,Central Park Ave & North Ave,,Central Park Ave & North Ave,IN_SERVICE,1,In Service,FALSE,15,3/5/2019 10:27
,509,K3_FULL,15653,3/5/2019 10:27,41.9097693,,-87.70528049,60651,Troy St & North Ave,,Troy St & North Ave,IN_SERVICE,1,In Service,FALSE,15,3/5/2019 10:27
,510,K3_FULL,15654,3/5/2019 10:23,41.90270659,,-87.70921957,60651,Spaulding Ave & Division St,,Spaulding Ave & Division St,IN_SERVICE,1,In Service,FALSE,11,3/5/2019 10:27
,511,K3_FULL,15655,3/5/2019 10:24,41.91402671,,-87.70512646,60647,Albany Ave & Bloomingdale Ave,,Albany Ave & Bloomingdale Ave,IN_SERVICE,1,In Service,FALSE,15,3/5/2019 10:27
,514,K3_FULL,16801,3/5/2019 10:23,42.019276,,-87.68452,60645,Ridge Blvd & Howard St,,Ridge Blvd & Howard St,IN_SERVICE,1,In Service,FALSE,11,3/5/2019 10:27
,515,K3_FULL,16802,3/5/2019 10:23,42.019159,,-87.673573,60626,Paulina St & Howard St,,Paulina St & Howard St,IN_SERVICE,1,In Service,FALSE,19,3/5/2019 10:27
,517,K3_FULL,16803,3/5/2019 10:24,42.015963,,-87.675005,60626,Clark St & Jarvis Ave,,Clark St & Jarvis Ave,IN_SERVICE,1,In Service,FALSE,11,3/5/2019 10:27
,518,K3_FULL,16901,3/5/2019 10:24,41.885502,,-87.716866,,Conservatory Dr & Lake St,,Conservatory Dr & Lake St,IN_SERVICE,1,In Service,FALSE,11,3/5/2019 10:27
,519,K3_FULL,16804,3/5/2019 10:23,42.016977,,-87.677725,60626,Wolcott Ave & Fargo Ave,,Wolcott Ave & Fargo Ave,IN_SERVICE,1,In Service,FALSE,11,3/5/2019 10:27
,520,K3_FULL,16805,3/5/2019 10:25,42.015962,,-87.66857,60626,Greenview Ave & Jarvis Ave,,Greenview Ave & Jarvis Ave,IN_SERVICE,1,In Service,FALSE,19,3/5/2019 10:27
,522,K3_FULL,16806,3/5/2019 10:23,42.019537,,-87.669563,60626,Bosworth Ave & Howard St,,Bosworth Ave & Howard St,IN_SERVICE,1,In Service,FALSE,11,3/5/2019 10:27
,523,K3_FULL,16807,3/5/2019 10:26,42.021019,,-87.665086,60626,Eastlake Ter & Rogers Ave,,Eastlake Ter & Rogers Ave,IN_SERVICE,1,In Service,FALSE,15,3/5/2019 10:27
,524,K3_FULL,16921,3/5/2019 10:24,41.894887,,-87.774704,60651,Austin Blvd & Chicago Ave,,Austin Blvd & Chicago Ave,IN_SERVICE,1,In Service,FALSE,7,3/5/2019 10:27
,525,K3_FULL,16809,3/5/2019 10:26,42.012701,,-87.666058,60626,Glenwood Ave & Touhy Ave,,Glenwood Ave & Touhy Ave,IN_SERVICE,1,In Service,FALSE,14,3/5/2019 10:27
,526,K3_FULL,16810,3/5/2019 10:23,42.012342,,-87.688243,60645,Oakley Ave & Touhy Ave,,Oakley Ave & Touhy Ave,IN_SERVICE,1,In Service,FALSE,11,3/5/2019 10:27
,527,K3_FULL,16811,3/5/2019 10:04,42.018901,,-87.690048,60645,Western Ave & Howard St,,Western Ave & Howard St,IN_SERVICE,1,In Service,FALSE,15,3/5/2019 10:27
,528,K3_FULL,16902,3/5/2019 10:23,41.885409,,-87.726491,60624,Pulaski Rd & Lake St,,Pulaski Rd & Lake St,IN_SERVICE,1,In Service,FALSE,11,3/5/2019 10:27
,529,K3_FULL,16903,3/5/2019 10:26,41.886841,,-87.745261,,Cicero Ave & Lake St,,Cicero Ave & Lake St,IN_SERVICE,1,In Service,FALSE,11,3/5/2019 10:27
,530,K3_FULL,16904,3/5/2019 10:23,41.887832,,-87.755527,,Laramie Ave & Kinzie St,,Laramie Ave & Kinzie St,IN_SERVICE,1,In Service,FALSE,11,3/5/2019 10:27
,531,K3_FULL,16905,3/5/2019 10:27,41.887664,,-87.765469,60644,Central Ave & Lake St,,Central Ave & Lake St,IN_SERVICE,1,In Service,FALSE,11,3/5/2019 10:27
,532,K3_FULL,16906,3/5/2019 10:25,41.887919,,-87.774446,,Austin Blvd & Lake St,,Austin Blvd & Lake St,IN_SERVICE,1,In Service,FALSE,11,3/5/2019 10:27
,533,K3_FULL,16907,3/5/2019 10:25,41.875679,,-87.71547,,Central Park Blvd & 5th Ave,,Central Park Blvd & 5th Ave,IN_SERVICE,1,In Service,FALSE,11,3/5/2019 10:27
,534,K3_FULL,16908,3/5/2019 10:25,41.88085,,-87.727907,60624,Karlov Rd & Madison St,,Karlov Ave & Madison St,IN_SERVICE,1,In Service,FALSE,11,3/5/2019 10:27
,535,K3_FULL,16909,3/5/2019 10:24,41.874325,,-87.725704,60624,Pulaski Rd & Congress Pkwy,,Pulaski Rd & Congress Pkwy,IN_SERVICE,1,In Service,FALSE,11,3/5/2019 10:27
,536,K3_FULL,16910,3/5/2019 10:24,41.885928,,-87.73541,,Kostner Ave & Lake St,,Kostner Ave & Lake St,IN_SERVICE,1,In Service,FALSE,11,3/5/2019 10:27
,537,K3_FULL,16911,3/5/2019 10:27,41.880708,,-87.741018,,Kenton Ave & Madison St,,Kenton Ave & Madison St,IN_SERVICE,1,In Service,FALSE,11,3/5/2019 10:27
,538,K3_FULL,16912,3/5/2019 10:26,41.872131,,-87.746619,,Cicero Ave & Flournoy St,,Cicero Ave & Flournoy St,IN_SERVICE,1,In Service,FALSE,11,3/5/2019 10:27
,539,K3_FULL,16913,3/5/2019 10:24,41.877613,,-87.745405,,Cicero Ave & Quincy St,,Cicero Ave & Quincy St,IN_SERVICE,1,In Service,FALSE,11,3/5/2019 10:27
,540,K3_FULL,16914,3/5/2019 10:23,41.880207,,-87.755337,,Laramie Ave & Madison St,,Laramie Ave & Madison St,IN_SERVICE,1,In Service,FALSE,11,3/5/2019 10:27
,541,K3_FULL,16915,3/5/2019 10:27,41.872993,,-87.764499,,Central Ave & Harrison St,,Central Ave & Harrison St,IN_SERVICE,1,In Service,FALSE,11,3/5/2019 10:27
,542,K3_FULL,16916,3/5/2019 10:25,41.880121,,-87.763238,,Central Ave & Madison St,,Central Ave & Madison St,IN_SERVICE,1,In Service,FALSE,11,3/5/2019 10:27
,543,K3_FULL,16917,3/5/2019 10:24,41.875806,,-87.755285,,Laramie Ave & Gladys Ave,,Laramie Ave & Gladys Ave,IN_SERVICE,1,In Service,FALSE,11,3/5/2019 10:27
,544,K3_FULL,16918,3/5/2019 10:27,41.880281,,-87.774453,60644,Austin Blvd & Madison St,,Austin Blvd & Madison St,IN_SERVICE,1,In Service,FALSE,11,3/5/2019 10:27
,545,K3_FULL,16919,3/5/2019 10:26,41.877917,,-87.735737,,Kostner Ave & Adams St,,Kostner Ave & Adams St,IN_SERVICE,1,In Service,FALSE,11,3/5/2019 10:27
,546,K3_FULL,16931,3/5/2019 10:24,41.823192,,-87.676597,,Damen Ave & Pershing Rd,,Damen Ave & Pershing Rd,IN_SERVICE,1,In Service,FALSE,11,3/5/2019 10:27
,547,K3_FULL,16932,3/5/2019 10:23,41.823465,,-87.665577,,Ashland Ave & Pershing Rd,,Ashland Ave & Pershing Rd,IN_SERVICE,1,In Service,FALSE,11,3/5/2019 10:27
,548,K3_FULL,16933,3/5/2019 10:24,41.823613,,-87.650931,,Morgan St & Pershing Rd,,Morgan St & Pershing Rd,IN_SERVICE,1,In Service,FALSE,7,3/5/2019 10:27
,549,K3_FULL,16934,3/5/2019 10:24,41.813996,,-87.666589,,Marshfield Ave & 44th St,,Marshfield Ave & 44th St,IN_SERVICE,1,In Service,FALSE,11,3/5/2019 10:27
,550,K3_FULL,16920,3/5/2019 10:26,41.894958,,-87.764902,60651,Central Ave & Chicago Ave,,Central Ave & Chicago Ave,IN_SERVICE,1,In Service,FALSE,11,3/5/2019 10:27
,551,K3_FULL,16936,3/5/2019 10:24,41.808227,,-87.67718,60609,Hoyne Ave & 47th St,,Hoyne Ave & 47th St,IN_SERVICE,1,In Service,FALSE,11,3/5/2019 10:27
,552,K3_FULL,16937,3/5/2019 10:26,41.80887,,-87.66454,60609,Ashland Ave & McDowell Ave,,Ashland Ave & McDowell Ave,IN_SERVICE,1,In Service,FALSE,11,3/5/2019 10:27
,553,K3_FULL,16938,3/5/2019 10:23,41.80839,,-87.656526,60609,Elizabeth St & 47th St,,Elizabeth St & 47th St,IN_SERVICE,1,In Service,FALSE,11,3/5/2019 10:27
,554,K3_FULL,16939,3/5/2019 10:25,41.800908,,-87.674684,60609,Damen Ave & 51st St,,Damen Ave & 51st St,IN_SERVICE,1,In Service,FALSE,7,3/5/2019 10:27
,555,K3_FULL,16940,3/5/2019 10:25,41.803023,,-87.664699,60609,Ashland Ave & 50th St,,Ashland Ave & 50th St,IN_SERVICE,1,In Service,FALSE,11,3/5/2019 10:27
,556,K3_FULL,16941,3/5/2019 10:23,41.799659,,-87.657195,60609,Throop St & 52nd St,,Throop St & 52nd St,IN_SERVICE,1,In Service,FALSE,7,3/5/2019 10:27
,557,K3_FULL,16942,3/5/2019 10:26,41.794087,,-87.675478,60609,Seeley Ave & Garfield Blvd,,Seeley Ave & Garfield Blvd,IN_SERVICE,1,In Service,FALSE,11,3/5/2019 10:27
,558,K3_FULL,16943,3/5/2019 10:24,41.792822,,-87.664429,60636,Ashland Ave & Garfield Blvd,,Ashland Ave & Garfield Blvd,IN_SERVICE,1,In Service,FALSE,11,3/5/2019 10:27
,559,K3_FULL,16944,3/5/2019 10:23,41.794228,,-87.655073,60609,Racine Ave & Garfield Blvd,,Racine Ave & Garfield Blvd,IN_SERVICE,1,In Service,FALSE,11,3/5/2019 10:27
,560,K3_FULL,16945,3/5/2019 10:27,41.786833,,-87.666215,60636,Marshfield Ave & 59th St,,Marshfield Ave & 59th St,IN_SERVICE,1,In Service,FALSE,11,3/5/2019 10:27
,561,K3_FULL,16946,3/5/2019 10:23,41.78602,,-87.674167,60636,Damen Ave & 59th St,,Damen Ave & 59th St,IN_SERVICE,1,In Service,FALSE,11,3/5/2019 10:27
,562,K3_FULL,16947,3/5/2019 10:25,41.783189,,-87.654372,60621,Racine Ave & 61st St,,Racine Ave & 61st St,IN_SERVICE,1,In Service,FALSE,11,3/5/2019 10:27
,563,K3_FULL,16948,3/5/2019 10:25,41.779374,,-87.664843,60636,Ashland Ave & 63rd St,,Ashland Ave & 63rd St,IN_SERVICE,1,In Service,FALSE,11,3/5/2019 10:27
,564,K3_FULL,16949,3/5/2019 10:26,41.775393,,-87.654308,60636,Racine Ave & 65th St,,Racine Ave & 65th St,IN_SERVICE,1,In Service,FALSE,11,3/5/2019 10:27
,565,K3_FULL,16950,3/5/2019 10:23,41.774074,,-87.663815,60636,Ashland Ave & 66th St,,Ashland Ave & 66th St,IN_SERVICE,1,In Service,FALSE,7,3/5/2019 10:27
,566,K3_FULL,16951,3/5/2019 10:27,41.768726,,-87.664069,60636,Ashland Ave & 69th St,,Ashland Ave & 69th St,IN_SERVICE,1,In Service,FALSE,11,3/5/2019 10:27
,567,K3_FULL,16952,3/5/2019 10:27,41.768938,,-87.652934,60621,May St & 69th St,,May St & 69th St,IN_SERVICE,1,In Service,FALSE,11,3/5/2019 10:27
,568,K3_FULL,16953,3/5/2019 10:27,41.763462,,-87.637297,60621,Normal Ave & 72nd St,,Normal Ave & 72nd St,IN_SERVICE,1,In Service,FALSE,11,3/5/2019 10:27
,569,K3_FULL,16961,3/5/2019 10:24,41.75916,,-87.595751,60619,Woodlawn Ave & 75th St,,Woodlawn Ave & 75th St,IN_SERVICE,1,In Service,FALSE,11,3/5/2019 10:27
,570,K3_FULL,16962,3/5/2019 10:24,41.758308,,-87.606685,60619,Evans Ave & 75th St,,Evans Ave & 75th St,IN_SERVICE,1,In Service,FALSE,11,3/5/2019 10:27
,571,K3_FULL,16963,3/5/2019 10:23,41.758361,,-87.614138,60619,Vernon Ave & 75th St,,Vernon Ave & 75th St,IN_SERVICE,1,In Service,FALSE,11,3/5/2019 10:27
,572,K3_FULL,16964,3/5/2019 10:24,41.756971,,-87.624621,60619,State St & 76th St,,State St & 76th St,IN_SERVICE,1,In Service,FALSE,11,3/5/2019 10:27
,573,K3_FULL,16965,3/5/2019 10:26,41.750794,,-87.624424,60619,State St & 79th St,,State St & 79th St,IN_SERVICE,1,In Service,FALSE,11,3/5/2019 10:27
,574,K3_FULL,16966,3/5/2019 10:25,41.751345,,-87.612568,60619,Eberhart (Vernon) Ave & 79th St,,Eberhart (Vernon) Ave & 79th St,IN_SERVICE,1,In Service,FALSE,11,3/5/2019 10:27
,575,K3_FULL,16967,3/5/2019 10:23,41.753174,,-87.605026,60619,Cottage Grove Ave & 78th St,,Cottage Grove Ave & 78th St,IN_SERVICE,1,In Service,FALSE,11,3/5/2019 10:27
,576,K3_FULL,16968,3/5/2019 10:25,41.751294,,-87.597552,60619,Greenwood Ave & 79th St,,Greenwood Ave & 79th St,IN_SERVICE,1,In Service,FALSE,11,3/5/2019 10:27
,577,K3_FULL,16969,3/5/2019 10:24,41.751173,,-87.585337,60617,Stony Island Ave & South Chicago Ave,,Stony Island Ave & South Chicago Ave,IN_SERVICE,1,In Service,FALSE,11,3/5/2019 10:27
,578,K3_FULL,16970,3/5/2019 10:24,41.751785,,-87.578496,60649,Bennett Ave & 79th St,,Bennett Ave & 79th St,IN_SERVICE,1,In Service,FALSE,11,3/5/2019 10:27
,579,K3_FULL,16971,3/5/2019 10:24,41.75182,,-87.565211,60649,Phillips Ave & 79th St,,Phillips Ave & 79th St,IN_SERVICE,1,In Service,FALSE,11,3/5/2019 10:27
,580,K3_FULL,16972,3/5/2019 10:23,41.751731,,-87.552812,60617,Exchange Ave & 79th St,,Exchange Ave & 79th St,IN_SERVICE,1,In Service,FALSE,11,3/5/2019 10:27
,581,K3_FULL,16973,3/5/2019 10:25,41.744615,,-87.551208,60617,Commercial Ave & 83rd St,,Commercial Ave & 83rd St,IN_SERVICE,1,In Service,FALSE,11,3/5/2019 10:27
,582,K3_FULL,16974,3/5/2019 10:23,41.744531,On-Street,-87.56506,60647,Phillips Ave & 83rd St,,Phillips Ave & 83rd St,IN_SERVICE,1,In Service,FALSE,11,3/5/2019 10:27
,583,K3_FULL,16975,3/5/2019 10:25,41.746559,,-87.586005,60617,Stony Island Ave & 82nd St,,Stony Island Ave & 82nd St,IN_SERVICE,1,In Service,FALSE,11,3/5/2019 10:27
,584,K3_FULL,16976,3/5/2019 10:25,41.744123,,-87.599034,60619,Ellis Ave & 83rd St,,Ellis Ave & 83rd St,IN_SERVICE,1,In Service,FALSE,11,3/5/2019 10:27
,585,K3_FULL,16977,3/5/2019 10:25,41.744053,,-87.604786,60619,Cottage Grove Ave & 83rd St,,Cottage Grove Ave & 83rd St,IN_SERVICE,1,In Service,FALSE,11,3/5/2019 10:27
,586,K3_FULL,16978,3/5/2019 10:23,41.743116,,-87.6148,60619,MLK Jr Dr & 83rd St,,MLK Jr Dr & 83rd St,IN_SERVICE,1,In Service,FALSE,11,3/5/2019 10:27
,587,K3_FULL,16979,3/5/2019 10:24,41.743316,,-87.622849,60619,Wabash Ave & 83rd St,,Wabash Ave & 83rd St,IN_SERVICE,1,In Service,FALSE,11,3/5/2019 10:27
,588,K3_FULL,16980,3/5/2019 10:23,41.743921,,-87.575225,60617,South Chicago Ave & 83rd St,,South Chicago Ave & 83rd St,IN_SERVICE,1,In Service,FALSE,11,3/5/2019 10:27
,589,K3_FULL,16991,3/5/2019 10:23,41.954468,,-87.749594,60641,Milwaukee Ave & Cuyler Ave,,Milwaukee Ave & Cuyler Ave,IN_SERVICE,1,In Service,FALSE,11,3/5/2019 10:27
,590,K3_FULL,16992,3/5/2019 10:27,41.953733,,-87.740569,60641,Kilbourn Ave & Irving Park Rd,,Kilbourn Ave & Irving Park Rd,IN_SERVICE,1,In Service,FALSE,11,3/5/2019 10:27
,591,K3_FULL,16994,3/5/2019 10:26,41.948818,,-87.74002,60641,Kilbourn Ave & Milwaukee Ave,,Kilbourn Ave & Milwaukee Ave,IN_SERVICE,1,In Service,FALSE,15,3/5/2019 10:27
,592,K3_FULL,16001,3/5/2019 10:27,41.960631,,-87.745359,60641,Knox Ave & Montrose Ave,,Knox Ave & Montrose Ave,IN_SERVICE,1,In Service,FALSE,11,3/5/2019 10:27
,593,K3_FULL,16005,3/5/2019 10:26,41.787539,,-87.644874,60621,Halsted St & 59th St,,Halsted St & 59th St,IN_SERVICE,1,In Service,FALSE,11,3/5/2019 10:27
,594,K3_FULL,16008,3/5/2019 10:23,41.805661,,-87.683392,60609,Western Blvd & 48th Pl,,Western Blvd & 48th Pl,IN_SERVICE,1,In Service,FALSE,11,3/5/2019 10:27
,595,K3_FULL,16009,3/5/2019 10:25,41.736646,,-87.622634,60619,Wabash Ave & 87th St,,Wabash Ave & 87th St,IN_SERVICE,1,In Service,FALSE,11,3/5/2019 10:27
,596,K3_FULL,E001,3/5/2019 10:25,42.048214,,-87.683485,,Benson Ave & Church St,,Benson Ave & Church St,IN_SERVICE,1,In Service,FALSE,15,3/5/2019 10:27
,597,K3_FULL,E002,3/5/2019 10:26,42.032562,,-87.679101,,Chicago Ave & Washington St,,Chicago Ave & Washington St,IN_SERVICE,1,In Service,FALSE,15,3/5/2019 10:27
,598,K3_FULL,E003,3/5/2019 10:26,42.025784,,-87.684107,60202,Elmwood Ave & Austin St,,Elmwood Ave & Austin St,IN_SERVICE,1,In Service,FALSE,15,3/5/2019 10:27
,599,K3_FULL,E004,3/5/2019 10:23,42.039742,,-87.699413,60202,Valli Produce - Evanston Plaza,,Valli Produce - Evanston Plaza,IN_SERVICE,1,In Service,FALSE,15,3/5/2019 10:27
,600,K3_FULL,E005,3/5/2019 10:26,42.048308,,-87.698224,,Dodge Ave & Church St,,Dodge Ave & Church St,IN_SERVICE,1,In Service,FALSE,15,3/5/2019 10:27
,601,K3_FULL,E006,3/5/2019 10:24,42.063598,,-87.69873,,Central St Metra,,Central St Metra,IN_SERVICE,1,In Service,FALSE,15,3/5/2019 10:27
,602,K3_FULL,E007,3/5/2019 10:27,42.064313,,-87.686152,60201,Central St & Girard Ave,,Central St & Girard Ave,IN_SERVICE,1,In Service,FALSE,15,3/5/2019 10:27
,603,K3_FULL,E008,3/5/2019 10:26,42.050491,,-87.677821,60201,Chicago Ave & Sheridan Rd,,Chicago Ave & Sheridan Rd,IN_SERVICE,1,In Service,FALSE,15,3/5/2019 10:27
,604,K3_FULL,E009,3/5/2019 10:24,42.058239,,-87.677432,60208,Sheridan Rd & Noyes St (NU),,Sheridan Rd & Noyes St (NU),IN_SERVICE,1,In Service,FALSE,15,3/5/2019 10:27
,605,K3_FULL,E010,3/5/2019 10:23,42.052939,,-87.673447,60208,University Library (NU),,University Library (NU),IN_SERVICE,1,In Service,FALSE,15,3/5/2019 10:27
,619,K3_FULL,16010,3/5/2019 10:26,41.924377,,-87.728231,60639,Keystone Ave & Fullerton Ave,,Keystone Ave & Fullerton Ave,IN_SERVICE,1,In Service,FALSE,11,3/5/2019 10:27
,620,K3_FULL,16011,3/5/2019 10:26,41.898203,,-87.637536,60610,Orleans St & Chestnut St (NEXT Apts),,Orleans St & Chestnut St (NEXT Apts),IN_SERVICE,1,In Service,FALSE,15,3/5/2019 10:27
,621,K3_FULL,18062,3/5/2019 10:25,41.884114,,-87.654264,60607,Aberdeen St & Randolph St,,Aberdeen St & Randolph St,IN_SERVICE,1,In Service,FALSE,15,3/5/2019 10:27
,622,K3_FULL,17660,3/5/2019 10:26,41.900363,,-87.696704,60622,California Ave & Cortez St,,California Ave & Cortez St,IN_SERVICE,1,In Service,FALSE,15,3/5/2019 10:27
,623,K3_FULL,17541,3/5/2019 10:26,41.872773,,-87.623981,60605,Michigan Ave & 8th St,,Michigan Ave & 8th St,IN_SERVICE,1,In Service,FALSE,43,3/5/2019 10:27
,624,K3_FULL,17013,3/5/2019 10:27,41.876268,417 S Dearborn St,-87.629155,60605,Dearborn St & Van Buren St (*),,Dearborn St & Van Buren St (*),IN_SERVICE,1,In Service,FALSE,16,3/5/2019 10:27
,625,K3_FULL,E011,3/5/2019 10:24,42.041691,,-87.680687,60201,Chicago Ave & Dempster St,1312 Chicago Ave,Chicago Ave & Dempster St,IN_SERVICE,1,In Service,FALSE,15,3/5/2019 10:27
,626,K3_FULL,17043,3/5/2019 10:25,41.867491,,-87.63219,60605,Delano Ct & Roosevelt Rd,Roosevelt Collection Shops,Delano Ct & Roosevelt Rd,IN_SERVICE,1,In Service,FALSE,19,3/5/2019 10:27
,627,K3_FULL,18064,3/5/2019 10:25,41.894877,,-87.632326,60654,LaSalle Dr & Huron St(*),,LaSalle Dr & Huron St (*),IN_SERVICE,1,In Service,FALSE,20,3/5/2019 10:27
,628,K3_FULL,18067,3/5/2019 10:23,41.91461,Off-Street,-87.667968,60622,Walsh Park,Walsh Park,Walsh Park,IN_SERVICE,1,In Service,FALSE,23,3/5/2019 10:27
,630,K3_FULL,18015,3/5/2019 10:23,41.96108,On-Street,-87.73569,60630,Kildare Ave & Montrose Ave,,Kildare Ave & Montrose Ave,IN_SERVICE,1,In Service,FALSE,15,3/5/2019 10:27
,631,K3_FULL,18045,3/5/2019 10:23,41.877618,,-87.673895,60612,Malcolm X College,,Malcolm X College,IN_SERVICE,1,In Service,FALSE,19,3/5/2019 10:27
,632,K3_FULL,18001,3/5/2019 10:24,41.94454,,-87.654678,60657,Clark St & Newport St,,Clark St & Newport St,IN_SERVICE,1,In Service,FALSE,15,3/5/2019 10:27
,635,K3_FULL,18003,3/5/2019 10:26,41.895748,,-87.620104,60611,Fairbanks St & Superior St (*),,Fairbanks St & Superior St (*),IN_SERVICE,1,In Service,FALSE,12,3/5/2019 10:27
,636,K3_FULL,18005,3/5/2019 10:27,41.890028,,-87.636618,60654,Orleans St & Hubbard St (*),,Orleans St & Hubbard St (*),IN_SERVICE,1,In Service,FALSE,12,3/5/2019 10:27
,637,K3_FULL,18006,3/5/2019 10:26,41.895634,,-87.672069,60622,Wood St & Chicago Ave (*),,Wood St & Chicago Ave (*),IN_SERVICE,1,In Service,FALSE,16,3/5/2019 10:27
,638,K3_FULL,18012,3/5/2019 10:24,41.878419,,-87.640977,60661,Clinton St & Jackson Blvd (*),,Clinton St & Jackson Blvd (*),IN_SERVICE,1,In Service,FALSE,32,3/5/2019 10:27
,639,K3_FULL,18014,3/5/2019 10:25,41.965845,,-87.645361,60640,Lakefront Trail & Wilson Ave,,Lakefront Trail & Wilson Ave,IN_SERVICE,1,In Service,FALSE,15,3/5/2019 10:27
,640,K3_FULL,18016,3/5/2019 10:24,41.949923,,-87.713949,60618,Bernard St & Elston Ave,,Bernard St & Elston Ave,IN_SERVICE,1,In Service,FALSE,11,3/5/2019 10:27
,641,K3_FULL,18017,3/5/2019 10:24,41.914166,,-87.716755,60647,Central Park Ave & Bloomingdale Ave,,Central Park Ave & Bloomingdale Ave,IN_SERVICE,1,In Service,FALSE,11,3/5/2019 10:27
,642,K3_FULL,18018,3/5/2019 10:26,41.894745,,-87.756895,60644,Latrobe Ave & Chicago Ave,,Latrobe Ave & Chicago Ave,IN_SERVICE,1,In Service,FALSE,7,3/5/2019 10:27
,643,K3_FULL,18019,3/5/2019 10:27,41.892048,,-87.689397,60612,Smith Park (*),,Smith Park (*),IN_SERVICE,1,In Service,FALSE,16,3/5/2019 10:27
,644,K3_FULL,18021,3/5/2019 10:24,41.868563,,-87.686234,60612,Western Ave & Fillmore St (*),,Western Ave & Fillmore St (*),IN_SERVICE,1,In Service,FALSE,12,3/5/2019 10:27
,645,K3_FULL,18022,3/5/2019 10:25,41.826712,,-87.683144,60609,Archer (Damen) Ave & 37th St (*),,Archer (Damen) Ave & 37th St (*),IN_SERVICE,1,In Service,FALSE,12,3/5/2019 10:27
,646,K3_FULL,18023,3/5/2019 10:23,41.796642,,-87.625923,60609,State St & 54th St,,State St & 54th St,IN_SERVICE,1,In Service,FALSE,11,3/5/2019 10:27
,647,K3_FULL,18024,3/5/2019 10:24,41.786691,,-87.655859,60636,Elizabeth St & 59th St,,Elizabeth St & 59th St,IN_SERVICE,1,In Service,FALSE,7,3/5/2019 10:27
,648,K3_FULL,18025,3/5/2019 10:26,41.77987,,-87.650919,60621,Carpenter St & 63rd St,,Carpenter St & 63rd St,IN_SERVICE,1,In Service,FALSE,7,3/5/2019 10:27
,649,K3_FULL,18026,3/5/2019 10:23,41.779835,,-87.634774,60621,Stewart Ave & 63rd St (*),,Stewart Ave & 63rd St (*),IN_SERVICE,1,In Service,FALSE,12,3/5/2019 10:27
,650,K3_FULL,18027,3/5/2019 10:27,41.768898,,-87.635876,60621,Eggleston Ave & 69th St (*),,Eggleston Ave & 69th St (*),IN_SERVICE,1,In Service,FALSE,12,3/5/2019 10:27
,651,K3_FULL,18028,3/5/2019 10:23,41.765286,,-87.621748,60619,Michigan Ave & 71st St,,Michigan Ave & 71st St,IN_SERVICE,1,In Service,FALSE,7,3/5/2019 10:27
,652,K3_FULL,18029,3/5/2019 10:25,41.766,,-87.611726,60637,Rhodes Ave & 71st St,,Rhodes Ave & 71st St,IN_SERVICE,1,In Service,FALSE,11,3/5/2019 10:27
,653,K3_FULL,18030,3/5/2019 10:25,41.780595,,-87.584846,60649,Cornell Dr & Hayes Dr,,Cornell Dr & Hayes Dr,IN_SERVICE,1,In Service,FALSE,11,3/5/2019 10:27
,654,K3_FULL,18046,3/5/2019 10:25,41.883073,,-87.656952,60607,Racine Ave & Washington Blvd (*),,Racine Ave & Washington Blvd (*),IN_SERVICE,1,In Service,FALSE,12,3/5/2019 10:27
,655,K3_FULL,18047,3/5/2019 10:26,41.979851,,-87.681932,60625,Hoyne Ave & Balmoral Ave,,Hoyne Ave & Balmoral Ave,IN_SERVICE,1,In Service,FALSE,15,3/5/2019 10:27
,656,K3_FULL,18054,3/5/2019 10:25,41.885951,,-87.677009,60612,Damen Ave & Walnut (Lake) St (*),,Damen Ave & Walnut (Lake) St (*),IN_SERVICE,1,In Service,FALSE,16,3/5/2019 10:27
,657,K3_FULL,18056,3/5/2019 10:23,41.899181,,-87.6722,60622,Wood St & Augusta Blvd,,Wood St & Augusta Blvd,IN_SERVICE,1,In Service,FALSE,15,3/5/2019 10:27
,658,K3_FULL,18057,3/5/2019 10:24,41.902997,,-87.683825,60622,Leavitt St & Division St (*),,Leavitt St & Division St (*),IN_SERVICE,1,In Service,FALSE,16,3/5/2019 10:27
,659,K3_FULL,18058,3/5/2019 10:25,41.895501,,-87.682017,60612,Leavitt St & Chicago Ave,,Leavitt St & Chicago Ave,IN_SERVICE,1,In Service,FALSE,15,3/5/2019 10:27
,660,K3_FULL,18066,3/5/2019 10:22,42.004583,,-87.661406,60626,Sheridan Rd & Columbia Ave,,Sheridan Rd & Columbia Ave,IN_SERVICE,1,In Service,FALSE,15,3/5/2019 10:27
,661,K3_FULL,E012,3/5/2019 10:24,42.057044,,-87.686554,60201,Evanston Civic Center,,Evanston Civic Center,IN_SERVICE,1,In Service,FALSE,15,3/5/2019 10:27
,662,K3_FULL,E013,3/5/2019 10:27,42.023463,,-87.699595,60201,Dodge Ave & Mulford St,,Dodge Ave & Mulford St,IN_SERVICE,1,In Service,FALSE,15,3/5/2019 10:27
,663,K3_FULL,E014,3/5/2019 10:23,42.064854,,-87.715297,60201,Lincolnwood Dr & Central St,,Lincolnwood Dr & Central St,IN_SERVICE,1,In Service,FALSE,15,3/5/2019 10:27
,664,K3_FULL,18068,3/5/2019 10:27,41.939354,,-87.683282,60618,Leavitt St & Belmont Ave (*),,Leavitt St & Belmont Ave (*),IN_SERVICE,1,In Service,FALSE,16,3/5/2019 10:27
,665,K3_FULL,19031,3/5/2019 10:25,41.747363,,-87.580046,60617,South Chicago Ave & Elliot Ave,,South Chicago Ave & Elliot Ave,IN_SERVICE,1,In Service,FALSE,7,3/5/2019 10:27
